org.springframework.aop.aspectj.annotation.AbstractAspectJAdvisorFactoryTests	EMPTY	0	0	0	155
org.springframework.aop.aspectj.annotation.AspectJAdvisorBeanRegistrationAotProcessorTests	OK	2	2	0	931
org.springframework.aop.aspectj.annotation.AspectJBeanFactoryInitializationAotProcessorTests	OK	2	2	0	1102
org.springframework.aop.framework.AbstractAopProxyTests	EMPTY	0	0	0	95
org.springframework.aop.framework.AbstractProxyExceptionHandlingTests	EMPTY	0	0	0	88
org.springframework.aop.framework.ObjenesisProxyTests	OK	1	1	0	5219
org.springframework.aop.scope.ScopedProxyBeanRegistrationAotProcessorTests	FAIL	5	2	3	68598
org.springframework.aot.RuntimeHintsAgentTests	OK	1	0	0	231
org.springframework.aot.agent.InstrumentedMethodTests	OK	54	54	0	2604
org.springframework.aot.agent.RecordedInvocationTests	OK	5	5	0	263
org.springframework.aot.hint.ReflectionTypeReferenceTests	OK	10	10	0	286
org.springframework.aot.nativex.feature.ThrowawayClassLoaderTests	FAIL	2	1	1	196
org.springframework.aot.test.ReflectionInvocationsTests	OK	2	0	0	167
org.springframework.beans.AbstractPropertyAccessorTests	EMPTY	0	0	0	172
org.springframework.beans.PropertyDescriptorUtilsPropertyResolutionTests	FAIL	42	33	9	22097
org.springframework.beans.factory.DefaultListableBeanFactoryTests	FAIL	186	185	1	13092
org.springframework.beans.factory.annotation.AutowiredAnnotationBeanRegistrationAotContributionTests	TIMEOUT	0	0	0	120000
org.springframework.beans.factory.aot.AotServicesTests	OK	16	16	0	1418
org.springframework.beans.factory.aot.AutowiredArgumentsCodeGeneratorTests	OK	10	10	0	146
org.springframework.beans.factory.aot.BeanDefinitionMethodGeneratorFactoryTests	OK	11	11	0	594
org.springframework.beans.factory.aot.BeanDefinitionMethodGeneratorTests	TIMEOUT	0	0	0	120000
org.springframework.beans.factory.aot.BeanDefinitionPropertiesCodeGeneratorTests	TIMEOUT	0	0	0	120000
org.springframework.beans.factory.aot.BeanDefinitionPropertyValueCodeGeneratorDelegatesTests	LOADERR	0	0	0	357
org.springframework.beans.factory.aot.BeanRegistrationAotContributionTests	OK	4	4	0	101
org.springframework.beans.factory.aot.BeanRegistrationsAotContributionTests	ABEND	0	0	0	0
org.springframework.beans.factory.aot.CodeWarningsTests	OK	23	23	0	100121
org.springframework.beans.factory.aot.DefaultBeanRegistrationCodeFragmentsTests	FAIL	19	0	19	1079
org.springframework.beans.factory.aot.InstanceSupplierCodeGeneratorKotlinTests	FAIL	4	2	2	55340
org.springframework.beans.factory.aot.InstanceSupplierCodeGeneratorTests	TIMEOUT	0	0	0	120000
org.springframework.beans.factory.config.CustomScopeConfigurerTests	OK	7	7	0	967
org.springframework.beans.factory.config.PropertyResourceConfigurerTests	LOADERR	0	0	0	207
org.springframework.beans.factory.parsing.FailFastProblemReporterTests	OK	2	2	0	412
org.springframework.beans.factory.xml.XmlBeanDefinitionReaderTests	OK	13	13	0	3425
org.springframework.beans.factory.xml.XmlBeanFactoryTests	ABEND	0	0	0	0
org.springframework.cache.caffeine.CaffeineCacheManagerTests	OK	11	11	0	2158
org.springframework.cache.caffeine.CaffeineCacheTests	OK	17	17	0	1202
org.springframework.cache.caffeine.CaffeineReactiveCachingTests	OK	4	4	0	2837
org.springframework.cache.jcache.AbstractJCacheTests	EMPTY	0	0	0	81
org.springframework.cache.jcache.JCacheCacheManagerTests	OK	5	5	0	1826
org.springframework.cache.jcache.JCacheEhCacheAnnotationTests	ABEND	0	0	0	0
org.springframework.cache.jcache.JCacheEhCacheApiTests	OK	15	15	0	5604
org.springframework.cache.jcache.config.JCacheCustomInterceptorTests	OK	3	3	0	2841
org.springframework.cache.jcache.config.JCacheJavaConfigTests	OK	32	32	0	33959
org.springframework.cache.jcache.config.JCacheNamespaceDrivenTests	OK	30	30	0	41338
org.springframework.cache.jcache.config.JCacheStandaloneConfigTests	OK	28	28	0	26980
org.springframework.cache.jcache.interceptor.AbstractCacheOperationTests	EMPTY	0	0	0	9
org.springframework.cache.jcache.interceptor.AnnotationCacheOperationSourceTests	OK	16	16	0	475
org.springframework.cache.jcache.interceptor.CachePutOperationTests	OK	6	6	0	220
org.springframework.cache.jcache.interceptor.CacheRemoveAllOperationTests	OK	2	2	0	62
org.springframework.cache.jcache.interceptor.CacheRemoveOperationTests	OK	2	2	0	64
org.springframework.cache.jcache.interceptor.CacheResolverAdapterTests	OK	2	2	0	194
org.springframework.cache.jcache.interceptor.CacheResultOperationTests	OK	7	7	0	228
org.springframework.cache.jcache.interceptor.JCacheErrorHandlerTests	OK	6	6	0	7243
org.springframework.cache.jcache.interceptor.JCacheInterceptorTests	OK	5	5	0	84
org.springframework.cache.jcache.interceptor.JCacheKeyGeneratorTests	OK	3	3	0	2569
org.springframework.cache.transaction.AbstractTransactionSupportingCacheManagerTests	EMPTY	0	0	0	78
org.springframework.cache.transaction.TransactionAwareCacheDecoratorTests	OK	15	15	0	223
org.springframework.context.annotation.AbstractCircularImportDetectionTests	EMPTY	0	0	0	84
org.springframework.context.annotation.AnnotationConfigApplicationContextTests	OK	35	35	0	4202
org.springframework.context.annotation.ClassPathBeanDefinitionScannerTests	ABEND	0	0	0	0
org.springframework.context.annotation.ClassPathFactoryBeanDefinitionScannerTests	OK	1	1	0	1386
org.springframework.context.annotation.ClassPathScanningCandidateComponentProviderTests	OK	36	36	0	4210
org.springframework.context.annotation.CommonAnnotationBeanRegistrationAotContributionTests	TIMEOUT	0	0	0	120000
org.springframework.context.annotation.ComponentScanAndImportAnnotationInteractionTests	OK	6	6	0	1893
org.springframework.context.annotation.ComponentScanAnnotationIntegrationTests	OK	25	25	0	36417
org.springframework.context.annotation.ComponentScanAnnotationRecursionTests	OK	2	2	0	476
org.springframework.context.annotation.ComponentScanParserBeanDefinitionDefaultsTests	ABEND	0	0	0	0
org.springframework.context.annotation.ComponentScanParserScopedProxyTests	ABEND	0	0	0	0
org.springframework.context.annotation.ComponentScanParserTests	OK	8	8	0	56491
org.springframework.context.annotation.ComponentScanParserWithUserDefinedStrategiesTests	OK	4	4	0	5066
org.springframework.context.annotation.ConfigurationClassEnhancerTests	FAIL	5	3	2	217
org.springframework.context.annotation.ConfigurationClassPostConstructAndAutowiringTests	FAIL	2	1	1	951
org.springframework.context.annotation.ConfigurationClassPostProcessorAotContributionTests	TIMEOUT	0	0	0	120000
org.springframework.context.annotation.ConfigurationClassPostProcessorTests	ABEND	0	0	0	0
org.springframework.context.annotation.DoubleScanTests	OK	1	1	0	2380
org.springframework.context.annotation.EnableAspectJAutoProxyTests	ABEND	0	0	0	0
org.springframework.context.annotation.ImportSelectorTests	TIMEOUT	0	0	0	120000
org.springframework.context.annotation.InitDestroyMethodLifecycleTests	FAIL	11	9	2	65785
org.springframework.context.annotation.PropertySourceAnnotationTests	ABEND	0	0	0	0
org.springframework.context.annotation.RoleAndDescriptionAnnotationTests	OK	3	3	0	913
org.springframework.context.annotation.SimpleScanTests	OK	1	1	0	2320
org.springframework.context.annotation.Spr15275Tests	FAIL	6	4	2	1092
org.springframework.context.annotation.Spr6602Tests	FAIL	2	1	1	1198
org.springframework.context.annotation.beanregistrar.BeanRegistrarConfigurationTests	OK	12	12	0	3313
org.springframework.context.annotation.configuration.ImportTests	OK	16	16	0	1914
org.springframework.context.annotation.configuration.spr8955.Spr8955Tests	OK	1	1	0	322
org.springframework.context.annotation.configuration.spr9031.Spr9031Tests	OK	2	2	0	538
org.springframework.context.annotation.jsr330.ClassPathBeanDefinitionScannerJsr330ScopeIntegrationTests	OK	10	10	0	3138
org.springframework.context.annotation.scope.ClassPathBeanDefinitionScannerScopeIntegrationTests	OK	9	9	0	2515
org.springframework.context.annotation.spr10546.Spr10546Tests	OK	10	10	0	4266
org.springframework.context.annotation.spr12233.Spr12233Tests	OK	1	1	0	465
org.springframework.context.annotation.spr12334.Spr12334Tests	OK	1	1	0	383
org.springframework.context.annotation.spr16756.Spr16756Tests	OK	1	1	0	472
org.springframework.context.annotation.spr8761.Spr8761Tests	OK	1	1	0	542
org.springframework.context.annotation.spr8808.Spr8808Tests	OK	1	1	0	331
org.springframework.context.aot.ApplicationContextAotGeneratorTests	TIMEOUT	0	0	0	120000
org.springframework.context.aot.CglibClassHandlerTests	OK	3	3	0	164
org.springframework.context.aot.KotlinReflectionBeanRegistrationAotProcessorTests	OK	4	4	0	1307
org.springframework.context.aot.ReflectiveProcessorAotContributionBuilderTests	OK	6	6	0	451
org.springframework.context.aot.ReflectiveProcessorBeanFactoryInitializationAotProcessorTests	OK	9	9	0	1615
org.springframework.context.aot.RuntimeHintsBeanFactoryInitializationAotProcessorTests	OK	6	6	0	1547
org.springframework.context.config.ContextNamespaceHandlerTests	OK	9	9	0	13677
org.springframework.context.event.AbstractApplicationEventListenerTests	EMPTY	0	0	0	13
org.springframework.context.event.EventPublicationInterceptorTests	OK	5	5	0	658
org.springframework.context.expression.ApplicationContextExpressionTests	OK	7	7	0	1149
org.springframework.context.generator.ApplicationContextAotGeneratorRuntimeHintsTests	OK	5	0	0	105
org.springframework.context.groovy.GroovyBeanDefinitionReaderTests	ABEND	0	0	0	0
org.springframework.context.index.processor.CandidateComponentsIndexerTests	FAIL	24	0	24	28434
org.springframework.context.index.processor.PropertiesMarshallerTests	OK	2	2	0	145
org.springframework.core.AbstractReflectionParameterNameDiscovererKotlinTests	EMPTY	0	0	0	85
org.springframework.core.GenericTypeResolverTests	FAIL	25	24	1	863
org.springframework.core.SortedPropertiesTests	OK	11	11	0	173
org.springframework.core.annotation.MergedAnnotationsTests	FAIL	178	177	1	5310
org.springframework.core.codec.ResourceRegionEncoderTests	ABEND	0	0	0	0
org.springframework.core.convert.converter.DefaultConversionServiceTests	ABEND	0	0	0	0
org.springframework.core.env.EnvironmentSystemIntegrationTests	OK	29	29	0	15343
org.springframework.core.io.ModuleResourceTests	OK	3	3	0	63
org.springframework.core.io.PathResourceTests	FAIL	38	26	12	2672
org.springframework.core.io.support.PathMatchingResourcePatternResolverTests	FAIL	22	15	7	10387
org.springframework.core.io.support.ResourceArrayPropertyEditorTests	OK	6	6	0	404
org.springframework.core.io.support.SpringFactoriesLoaderTests	FAIL	33	31	2	1307
org.springframework.core.retry.RetryTemplateTests	OK	24	24	0	2011
org.springframework.core.task.SimpleAsyncTaskExecutorTests	FAIL	12	11	1	3023
org.springframework.core.test.io.support.MockSpringFactoriesLoaderTests	OK	4	4	0	203
org.springframework.core.test.tools.ClassFileTests	OK	4	4	0	158
org.springframework.core.test.tools.ClassFilesTests	OK	11	11	0	147
org.springframework.core.test.tools.CompilationExceptionTests	OK	5	5	0	98
org.springframework.core.test.tools.CompiledTests	FAIL	14	13	1	93070
org.springframework.core.test.tools.DynamicClassFileObjectTests	OK	3	3	0	44
org.springframework.core.test.tools.DynamicJavaFileManagerTests	OK	11	11	0	1597
org.springframework.core.test.tools.DynamicJavaFileObjectTests	OK	2	2	0	38
org.springframework.core.test.tools.DynamicResourceFileObjectTests	OK	5	5	0	66
org.springframework.core.test.tools.ResourceFileTests	OK	3	3	0	41
org.springframework.core.test.tools.ResourceFilesTests	OK	14	14	0	185
org.springframework.core.test.tools.SourceFileAssertTests	OK	4	4	0	85
org.springframework.core.test.tools.SourceFileTests	FAIL	14	12	2	298
org.springframework.core.test.tools.SourceFilesTests	OK	14	14	0	200
org.springframework.core.test.tools.TestCompilerTests	TIMEOUT	0	0	0	120000
org.springframework.core.type.AbstractAnnotationMetadataTests	EMPTY	0	0	0	95
org.springframework.core.type.AbstractClassMetadataMemberClassTests	EMPTY	0	0	0	9
org.springframework.core.type.AbstractMethodMetadataTests	EMPTY	0	0	0	12
org.springframework.ejb.config.JeeNamespaceHandlerTests	OK	9	9	0	15425
org.springframework.expression.spel.AbstractExpressionTests	EMPTY	0	0	0	84
org.springframework.expression.spel.ArrayConstructorTests	OK	8	8	0	577
org.springframework.expression.spel.ConstructorInvocationTests	OK	7	7	0	478
org.springframework.expression.spel.EvaluationTests	FAIL	101	100	1	3241
org.springframework.expression.spel.LiteralTests	OK	17	17	0	372
org.springframework.expression.spel.MethodInvocationTests	OK	23	23	0	1254
org.springframework.expression.spel.OperatorTests	OK	33	33	0	1825
org.springframework.expression.spel.ParsingTests	OK	80	80	0	1410
org.springframework.expression.spel.SpelCompilationCoverageTests	OK	162	162	0	18279
org.springframework.expression.spel.SpelDocumentationTests	OK	46	46	0	1198
org.springframework.expression.spel.SpelReproTests	OK	99	99	0	2907
org.springframework.expression.spel.VariableAndFunctionTests	OK	16	16	0	1033
org.springframework.expression.spel.ast.InlineCollectionTests	OK	18	18	0	328
org.springframework.expression.spel.standard.SpelCompilerTests	TIMEOUT	0	0	0	120000
org.springframework.expression.spel.standard.SpelParserTests	OK	28	28	0	463
org.springframework.http.MediaTypeTests	OK	28	28	0	668
org.springframework.http.client.AbstractHttpRequestFactoryTests	EMPTY	0	0	0	90
org.springframework.http.client.AbstractMockWebServerTests	EMPTY	0	0	0	93
org.springframework.http.client.JettyClientHttpRequestFactoryTests	ABEND	0	0	0	0
org.springframework.http.client.SimpleClientHttpResponseTests	OK	5	5	0	2769
org.springframework.http.codec.multipart.DefaultPartHttpMessageReaderTests	ABEND	0	0	0	0
org.springframework.http.codec.multipart.MultipartHttpMessageWriterTests	ABEND	0	0	0	0
org.springframework.http.converter.BufferedImageHttpMessageConverterTests	OK	5	5	0	483
org.springframework.http.converter.xml.MarshallingHttpMessageConverterTests	OK	8	8	0	463
org.springframework.http.server.reactive.ServerHttpsRequestIntegrationTests	OK	1	1	0	3237
org.springframework.jdbc.config.InitializeDatabaseIntegrationTests	OK	7	7	0	10524
org.springframework.jdbc.config.JdbcNamespaceIntegrationTests	ABEND	0	0	0	0
org.springframework.jdbc.core.AbstractRowMapperTests	EMPTY	0	0	0	82
org.springframework.jdbc.core.JdbcTemplateTests	OK	56	56	0	19500
org.springframework.jdbc.core.namedparam.NamedParameterJdbcTemplateTests	OK	22	21	0	12241
org.springframework.jdbc.core.simple.JdbcClientNamedParameterTests	OK	14	14	0	12616
org.springframework.jdbc.datasource.DataSourceJtaTransactionTests	OK	28	28	0	3735
org.springframework.jdbc.datasource.DataSourceTransactionManagerTests	OK	55	55	0	2460
org.springframework.jdbc.datasource.init.AbstractDatabaseInitializationTests	EMPTY	0	0	0	11
org.springframework.jdbc.datasource.init.AbstractDatabasePopulatorTests	EMPTY	0	0	0	83
org.springframework.jdbc.object.SqlQueryTests	OK	21	21	0	6829
org.springframework.jdbc.support.JdbcTransactionManagerTests	OK	59	59	0	1384
org.springframework.jdbc.support.incrementer.H2SequenceMaxValueIncrementerTests	OK	12	12	0	706
org.springframework.jms.annotation.AbstractJmsAnnotationDrivenTests	EMPTY	0	0	0	98
org.springframework.jms.annotation.AnnotationDrivenNamespaceTests	OK	9	9	0	11483
org.springframework.jms.annotation.EnableJmsTests	OK	14	14	0	4894
org.springframework.jms.annotation.JmsListenerAnnotationBeanPostProcessorTests	ABEND	0	0	0	0
org.springframework.jms.config.JmsListenerContainerFactoryIntegrationTests	OK	4	4	0	1714
org.springframework.jms.config.JmsListenerContainerFactoryTests	OK	6	6	0	309
org.springframework.jms.config.JmsListenerEndpointRegistrarTests	OK	6	6	0	95
org.springframework.jms.config.JmsListenerEndpointRegistryTests	OK	4	4	0	170
org.springframework.jms.config.JmsListenerEndpointTests	OK	5	5	0	388
org.springframework.jms.config.JmsNamespaceHandlerTests	OK	13	13	0	21933
org.springframework.jms.config.MethodJmsListenerEndpointTests	OK	27	27	0	4390
org.springframework.jms.config.SimpleJmsListenerEndpointTests	OK	1	1	0	136
org.springframework.jms.connection.ConnectionFactoriesRuntimeHintsTests	OK	1	1	0	70
org.springframework.jms.connection.JmsTransactionManagerTests	OK	9	9	0	1772
org.springframework.jms.connection.SingleConnectionFactoryTests	OK	19	19	0	3100
org.springframework.jms.connection.UserCredentialsConnectionFactoryAdapterTests	OK	10	10	0	1628
org.springframework.jms.core.JmsClientTests	OK	36	36	0	6206
org.springframework.jms.core.JmsMessagingTemplateTests	OK	63	63	0	4750
org.springframework.jms.core.JmsTemplateJtaTests	OK	52	52	0	3004
org.springframework.jms.core.JmsTemplateTests	OK	52	52	0	6007
org.springframework.jms.core.JmsTemplateTransactedTests	OK	52	52	0	2545
org.springframework.jms.core.support.JmsGatewaySupportTests	OK	2	2	0	39
org.springframework.jms.listener.DefaultMessageListenerContainerTests	OK	9	9	0	914
org.springframework.jms.listener.MessageListenerContainerObservationTests	ABEND	0	0	0	0
org.springframework.jms.listener.SimpleMessageListenerContainerTests	OK	14	14	0	1223
org.springframework.jms.listener.adapter.JmsResponseTests	OK	6	6	0	283
org.springframework.jms.listener.adapter.MessageListenerAdapterTests	OK	19	19	0	1964
org.springframework.jms.listener.adapter.MessagingMessageListenerAdapterIntegrationTests	OK	4	4	0	246
org.springframework.jms.listener.adapter.MessagingMessageListenerAdapterTests	OK	19	19	0	1836
org.springframework.jms.listener.endpoint.DefaultJmsActivationSpecFactoryTests	OK	2	2	0	75
org.springframework.jms.listener.endpoint.JmsActivationSpecConfigTests	OK	3	3	0	51
org.springframework.jms.listener.endpoint.JmsMessageEndpointManagerTests	OK	9	9	0	237
org.springframework.jms.support.JmsAccessorTests	OK	8	8	0	122
org.springframework.jms.support.JmsMessageHeaderAccessorTests	OK	1	1	0	27
org.springframework.jms.support.SimpleJmsHeaderMapperTests	OK	41	41	0	565
org.springframework.jms.support.SimpleMessageConverterTests	OK	10	10	0	5716
org.springframework.jms.support.converter.JacksonJsonMessageConverterTests	OK	19	19	0	1558
org.springframework.jms.support.converter.MappingJackson2MessageConverterTests	OK	19	19	0	1573
org.springframework.jms.support.converter.MarshallingMessageConverterTests	OK	4	4	0	339
org.springframework.jms.support.converter.MessagingMessageConverterTests	OK	3	3	0	2246
org.springframework.jms.support.destination.DynamicDestinationResolverTests	OK	4	4	0	2354
org.springframework.jms.support.destination.JmsDestinationAccessorTests	OK	2	2	0	763
org.springframework.jms.support.destination.JndiDestinationResolverTests	OK	4	4	0	1368
org.springframework.jms.support.destination.SimpleDestinationResolverTests	OK	4	4	0	2409
org.springframework.jmx.AbstractJmxTests	EMPTY	0	0	0	87
org.springframework.jmx.AbstractMBeanServerTests	EMPTY	0	0	0	20
org.springframework.jmx.export.annotation.AnnotationLazyInitMBeanTests	OK	3	3	0	5731
org.springframework.jmx.export.annotation.EnableMBeanExportConfigurationTests	OK	8	8	0	6150
org.springframework.jmx.export.assembler.AbstractJmxAssemblerTests	EMPTY	0	0	0	84
org.springframework.jmx.export.assembler.AbstractMetadataAssemblerTests	EMPTY	0	0	0	18
org.springframework.jmx.export.naming.AbstractNamingStrategyTests	EMPTY	0	0	0	82
org.springframework.mail.SimpleMailMessageTests	OK	10	10	0	824
org.springframework.mail.javamail.ConfigurableMimeFileTypeMapTests	OK	4	4	0	170
org.springframework.mail.javamail.InternetAddressEditorTests	OK	7	7	0	192
org.springframework.mail.javamail.JavaMailSenderTests	OK	20	20	0	1352
org.springframework.messaging.converter.MarshallingMessageConverterTests	OK	4	4	0	721
org.springframework.messaging.rsocket.RSocketBufferLeakTests	ABEND	0	0	0	0
org.springframework.messaging.rsocket.service.RSocketExchangeBeanRegistrationAotProcessorTests	OK	2	2	0	781
org.springframework.messaging.simp.broker.DefaultSubscriptionRegistryTests	OK	19	19	0	493
org.springframework.messaging.simp.stomp.AbstractStompBrokerRelayIntegrationTests	EMPTY	0	0	0	13
org.springframework.messaging.simp.stomp.BufferingStompDecoderTests	OK	11	11	0	293
org.springframework.mock.web.MockHttpServletRequestTests	OK	76	76	0	1681
org.springframework.mock.web.MockHttpServletResponseTests	FAIL	68	66	2	1667
org.springframework.orm.jpa.AbstractContainerEntityManagerFactoryIntegrationTests	EMPTY	0	0	0	80
org.springframework.orm.jpa.AbstractEntityManagerFactoryBeanTests	EMPTY	0	0	0	82
org.springframework.orm.jpa.AbstractEntityManagerFactoryIntegrationTests	EMPTY	0	0	0	99
org.springframework.orm.jpa.ApplicationManagedEntityManagerIntegrationTests	OK	8	8	0	4552
org.springframework.orm.jpa.ContainerManagedEntityManagerIntegrationTests	OK	10	10	0	4652
org.springframework.orm.jpa.DefaultJpaDialectTests	OK	3	3	0	2120
org.springframework.orm.jpa.EntityManagerFactoryBeanSupportTests	OK	1	1	0	1031
org.springframework.orm.jpa.EntityManagerFactoryUtilsTests	OK	6	6	0	2205
org.springframework.orm.jpa.EntityManagerRuntimeHintsTests	OK	3	3	0	293
org.springframework.orm.jpa.JpaTransactionManagerTests	OK	22	22	0	996
org.springframework.orm.jpa.LocalContainerEntityManagerFactoryBeanTests	OK	11	11	0	2201
org.springframework.orm.jpa.LocalEntityManagerFactoryBeanTests	OK	6	6	0	122
org.springframework.orm.jpa.SharedEntityManagerCreatorTests	OK	13	13	0	4868
org.springframework.orm.jpa.eclipselink.EclipseLinkEntityManagerFactoryIntegrationTests	OK	20	20	0	5063
org.springframework.orm.jpa.eclipselink.EclipseLinkEntityManagerFactoryScanIntegrationTests	OK	20	20	0	5504
org.springframework.orm.jpa.eclipselink.EclipseLinkEntityManagerFactorySimpleIntegrationTests	OK	20	20	0	3578
org.springframework.orm.jpa.hibernate.HibernateEntityManagerFactoryIntegrationTests	OK	23	23	0	7925
org.springframework.orm.jpa.hibernate.HibernateEntityManagerFactoryScanIntegrationTests	OK	23	23	0	8816
org.springframework.orm.jpa.hibernate.HibernateEntityManagerFactorySimpleIntegrationTests	OK	23	23	0	8834
org.springframework.orm.jpa.hibernate.HibernateJpaDialectTests	OK	1	1	0	35
org.springframework.orm.jpa.hibernate.HibernateMultiEntityManagerFactoryIntegrationTests	OK	19	19	0	5180
org.springframework.orm.jpa.hibernate.HibernateNativeEntityManagerFactoryIntegrationTests	OK	23	23	0	5349
org.springframework.orm.jpa.hibernate.HibernateNativeEntityManagerFactorySpringBeanContainerIntegrationTests	OK	13	13	0	5313
org.springframework.orm.jpa.persistenceunit.DefaultPersistenceUnitManagerTests	OK	2	2	0	168
org.springframework.orm.jpa.persistenceunit.PersistenceManagedTypesBeanRegistrationAotProcessorTests	FAIL	2	1	1	43306
org.springframework.orm.jpa.persistenceunit.PersistenceManagedTypesScannerTests	OK	6	6	0	624
org.springframework.orm.jpa.persistenceunit.PersistenceManagedTypesTests	OK	3	3	0	49
org.springframework.orm.jpa.persistenceunit.PersistenceXmlParsingTests	OK	14	12	0	627
org.springframework.orm.jpa.persistenceunit.SpringPersistenceUnitInfoRuntimeHintsTests	OK	1	1	0	104
org.springframework.orm.jpa.support.InjectionCodeGeneratorTests	TIMEOUT	0	0	0	120000
org.springframework.orm.jpa.support.OpenEntityManagerInViewTests	OK	6	6	0	1279
org.springframework.orm.jpa.support.PersistenceAnnotationBeanPostProcessorAotContributionTests	TIMEOUT	0	0	0	120000
org.springframework.orm.jpa.support.PersistenceContextTransactionTests	OK	11	11	0	485
org.springframework.orm.jpa.support.PersistenceInjectionIntegrationTests	OK	2	2	0	4376
org.springframework.orm.jpa.support.PersistenceInjectionTests	FAIL	27	26	1	3154
org.springframework.orm.jpa.support.SharedEntityManagerFactoryTests	OK	1	1	0	2476
org.springframework.oxm.AbstractMarshallerTests	EMPTY	0	0	0	76
org.springframework.oxm.AbstractUnmarshallerTests	EMPTY	0	0	0	78
org.springframework.oxm.config.OxmNamespaceHandlerTests	OK	2	2	0	2114
org.springframework.oxm.jaxb.Jaxb2MarshallerTests	OK	22	22	0	5496
org.springframework.oxm.jaxb.Jaxb2UnmarshallerTests	FAIL	12	0	12	1038
org.springframework.oxm.xstream.XStreamMarshallerTests	FAIL	21	0	21	2507
org.springframework.oxm.xstream.XStreamUnmarshallerTests	FAIL	4	0	4	982
org.springframework.r2dbc.connection.init.AbstractDatabasePopulatorTests	EMPTY	0	0	0	84
org.springframework.r2dbc.core.AbstractDatabaseClientIntegrationTests	EMPTY	0	0	0	82
org.springframework.r2dbc.core.AbstractTransactionalDatabaseClientIntegrationTests	EMPTY	0	0	0	86
org.springframework.scheduling.concurrent.AbstractSchedulingTaskExecutorTests	EMPTY	0	0	0	10
org.springframework.scheduling.quartz.CronTriggerFactoryBeanTests	OK	4	4	0	78
org.springframework.scheduling.quartz.QuartzSchedulerLifecycleTests	OK	2	2	0	8046
org.springframework.scheduling.quartz.QuartzSupportTests	TIMEOUT	0	0	0	120000
org.springframework.scheduling.quartz.SchedulerFactoryBeanRuntimeHintsTests	OK	4	4	0	251
org.springframework.scheduling.quartz.SimpleTriggerFactoryBeanTests	OK	4	4	0	60
org.springframework.scheduling.support.CronTriggerTests	OK	114	114	0	5817
org.springframework.scripting.bsh.BshScriptFactoryTests	OK	18	18	0	15992
org.springframework.scripting.config.ScriptingDefaultsTests	ABEND	0	0	0	0
org.springframework.scripting.groovy.GroovyAspectIntegrationTests	ABEND	0	0	0	0
org.springframework.scripting.groovy.GroovyAspectTests	ABEND	0	0	0	0
org.springframework.scripting.groovy.GroovyScriptEvaluatorTests	OK	8	8	0	8409
org.springframework.scripting.groovy.GroovyScriptFactoryTests	ABEND	0	0	0	0
org.springframework.test.context.aot.AbstractAotTests	EMPTY	0	0	0	140
org.springframework.test.context.aot.AotIntegrationTests	FAIL	4	1	1	46062
org.springframework.test.context.aot.TestClassScannerTests	TIMEOUT	0	0	0	120000
org.springframework.test.context.aot.TestContextAotGeneratorIntegrationTests	TIMEOUT	0	0	0	120000
org.springframework.test.context.aot.TestPropertySourceRuntimeHintsTests	OK	2	2	0	27888
org.springframework.test.context.aot.samples.basic.AbstractSpringJupiterParameterizedClassTests	EMPTY	0	0	0	43
org.springframework.test.context.async.AsyncMethodsSpringTestContextIntegrationTests	EMPTY	0	0	0	197
org.springframework.test.context.bean.override.BeanOverrideHandlerTests	OK	19	19	0	18833
org.springframework.test.context.bean.override.mockito.AbstractMockitoBeanNestedAndTypeHierarchiesWithSuperclassPresentTwiceTests	EMPTY	0	0	0	28
org.springframework.test.context.bean.override.mockito.AbstractMockitoBeanWithInterfacePresentTwiceTests	EMPTY	0	0	0	29
org.springframework.test.context.bean.override.mockito.integration.AbstractMockitoBeanAndGenericsIntegrationTests	EMPTY	0	0	0	145
org.springframework.test.context.env.AbstractExplicitPropertiesFileTests	EMPTY	0	0	0	152
org.springframework.test.context.env.CustomEncodingTestPropertySourceTests	OK	2	2	0	796
org.springframework.test.context.env.ExplicitPropertiesFileTestPropertySourceTests	FAIL	13	6	7	7881
org.springframework.test.context.env.ResourcePatternExplicitPropertiesFileTests	OK	1	1	0	1690
org.springframework.test.context.env.repeatable.AbstractRepeatableTestPropertySourceTests	EMPTY	0	0	0	168
org.springframework.test.context.groovy.AbsolutePathGroovySpringContextTests	ABEND	0	0	0	0
org.springframework.test.context.groovy.DefaultScriptDetectionGroovySpringContextTests	ABEND	0	0	0	0
org.springframework.test.context.groovy.GroovySpringContextTests	ABEND	0	0	0	0
org.springframework.test.context.groovy.MixedXmlAndGroovySpringContextTests	ABEND	0	0	0	0
org.springframework.test.context.groovy.RelativePathGroovySpringContextTests	ABEND	0	0	0	0
org.springframework.test.context.jdbc.AbstractTransactionalTests	EMPTY	0	0	0	147
org.springframework.test.context.jdbc.SqlScriptsTestExecutionListenerTests	OK	7	7	0	3404
org.springframework.test.context.jdbc.merging.AbstractSqlMergeModeTests	EMPTY	0	0	0	154
org.springframework.test.context.junit.jupiter.defaultmethods.GenericComicCharactersInterfaceDefaultMethodsTests	EMPTY	0	0	0	252
org.springframework.test.context.junit.jupiter.event.ParallelApplicationEventsIntegrationTests	FAIL	2	0	2	624
org.springframework.test.context.junit.jupiter.generics.GenericComicCharactersTests	EMPTY	0	0	0	143
org.springframework.test.context.junit.jupiter.parallel.ParallelExecutionSpringExtensionTests	ABEND	0	0	0	0
org.springframework.test.context.junit4.nested.NestedTestsWithSpringRulesTests	OK	2	2	0	3406
org.springframework.test.context.litemode.AbstractTransactionalAnnotatedConfigClassTests	EMPTY	0	0	0	156
org.springframework.test.context.orm.hibernate.HibernateSessionFlushingTests	OK	6	6	0	28671
org.springframework.test.context.orm.jpa.JpaEntityListenerTests	OK	4	4	0	8757
org.springframework.test.context.orm.jpa.JpaPersonRepositoryTests	OK	2	2	0	17196
org.springframework.test.context.support.AbstractContextConfigurationUtilsTests	EMPTY	0	0	0	167
org.springframework.test.context.support.CommonCachesTestExecutionListenerIntegrationTests	OK	2	2	0	1948
org.springframework.test.context.support.TestPropertySourceUtilsTests	OK	29	29	0	24671
org.springframework.test.context.testng.transaction.ejb.AbstractEjbTxDaoTestNGTests	EMPTY	0	0	0	295
org.springframework.test.context.testng.transaction.ejb.CommitForRequiredEjbTxDaoTestNGTests	OK	3	3	0	10117
org.springframework.test.context.testng.transaction.ejb.CommitForRequiresNewEjbTxDaoTestNGTests	OK	3	3	0	9937
org.springframework.test.context.testng.transaction.ejb.RollbackForRequiredEjbTxDaoTestNGTests	OK	3	3	0	9664
org.springframework.test.context.testng.transaction.ejb.RollbackForRequiresNewEjbTxDaoTestNGTests	OK	3	3	0	10474
org.springframework.test.context.transaction.AbstractTransactionalSpringTests	EMPTY	0	0	0	148
org.springframework.test.context.transaction.ejb.AbstractEjbTxDaoTests	EMPTY	0	0	0	26
org.springframework.test.context.transaction.ejb.CommitForRequiredEjbTxDaoTests	OK	3	3	0	5752
org.springframework.test.context.transaction.ejb.CommitForRequiresNewEjbTxDaoTests	OK	3	3	0	6322
org.springframework.test.context.transaction.ejb.RollbackForRequiredEjbTxDaoTests	OK	3	3	0	9383
org.springframework.test.context.transaction.ejb.RollbackForRequiresNewEjbTxDaoTests	OK	3	3	0	6162
org.springframework.test.context.web.AbstractBasicWacTests	EMPTY	0	0	0	23
org.springframework.test.context.web.BasicGroovyWacTests	ABEND	0	0	0	0
org.springframework.test.context.web.WebAppConfigurationBootstrapWithTests	FAIL	1	0	1	374
org.springframework.test.context.web.socket.WebSocketServletServerContainerFactoryBeanTests	OK	2	2	0	708
org.springframework.test.web.client.response.DefaultResponseCreatorTests	OK	17	17	0	3267
org.springframework.test.web.reactive.server.samples.JsonContentTests	ABEND	0	0	0	0
org.springframework.test.web.servlet.assertj.AbstractMockHttpServletResponseAssertTests	FAIL	10	5	5	343
org.springframework.test.web.servlet.assertj.MockMvcTesterIntegrationTests	FAIL	74	72	2	16998
org.springframework.test.web.servlet.client.samples.bind.FilterTests	FAIL	1	0	1	302
org.springframework.test.web.servlet.htmlunit.AbstractWebRequestMatcherTests	EMPTY	0	0	0	148
org.springframework.test.web.servlet.htmlunit.MockWebResponseBuilderTests	FAIL	11	10	1	902
org.springframework.test.web.servlet.result.JsonPathResultMatchersTests	FAIL	43	42	1	806
org.springframework.test.web.servlet.result.PrintingResultHandlerTests	FAIL	17	15	2	596
org.springframework.test.web.servlet.result.XpathResultMatchersTests	FAIL	17	1	16	1409
org.springframework.test.web.servlet.samples.client.context.WebAppResourceTests	FAIL	2	1	1	4972
org.springframework.test.web.servlet.samples.client.standalone.ViewResolutionTests	OK	5	5	0	1290
org.springframework.test.web.servlet.samples.context.WebAppResourceTests	FAIL	2	1	1	4462
org.springframework.test.web.servlet.samples.standalone.ViewResolutionTests	ABEND	0	0	0	0
org.springframework.transaction.annotation.TransactionBeanRegistrationAotProcessorTests	OK	7	7	0	833
org.springframework.transaction.interceptor.AbstractCoroutinesTransactionAspectTests	EMPTY	0	0	0	84
org.springframework.transaction.interceptor.AbstractReactiveTransactionAspectTests	EMPTY	0	0	0	85
org.springframework.transaction.interceptor.AbstractTransactionAspectTests	EMPTY	0	0	0	89
org.springframework.ui.freemarker.FreeMarkerConfigurationFactoryBeanTests	OK	4	4	0	1152
org.springframework.util.FileSystemUtilsTests	OK	2	2	0	159
org.springframework.util.MimeTypeTests	OK	47	47	0	985
org.springframework.util.function.SingletonSupplierTests	FAIL	115	114	1	1091
org.springframework.util.xml.AbstractStaxHandlerTests	EMPTY	0	0	0	11
org.springframework.util.xml.AbstractStaxXMLReaderTests	EMPTY	0	0	0	89
org.springframework.validation.beanvalidation.BeanValidationBeanRegistrationAotProcessorKotlinTests	OK	2	2	0	942
org.springframework.validation.beanvalidation.BeanValidationBeanRegistrationAotProcessorTests	OK	10	10	0	1228
org.springframework.validation.beanvalidation.MethodValidationAdapterTests	OK	8	8	0	3106
org.springframework.validation.beanvalidation.SpringValidatorAdapterTests	OK	11	11	0	6202
org.springframework.web.bind.annotation.ComponentScannedControllerAdviceTests	OK	1	1	0	362
org.springframework.web.client.AbstractMockWebServerTests	EMPTY	0	0	0	113
org.springframework.web.client.RestClientVersionTests	OK	8	8	0	650
org.springframework.web.client.support.RestClientProxyRegistryIntegrationTests	ABEND	0	0	0	0
org.springframework.web.context.ContextLoaderTests	ABEND	0	0	0	0
org.springframework.web.context.XmlWebApplicationContextTests	OK	42	42	0	49267
org.springframework.web.context.support.AnnotationConfigWebApplicationContextTests	OK	4	4	0	1008
org.springframework.web.context.support.HttpRequestHandlerTests	FAIL	1	0	1	306
org.springframework.web.context.support.Spr8510Tests	OK	7	7	0	440
org.springframework.web.filter.ContentCachingResponseWrapperTests	OK	16	16	0	387
org.springframework.web.reactive.config.ViewResolverRegistryTests	OK	6	6	0	415
org.springframework.web.reactive.config.WebFluxConfigurationSupportTests	ABEND	0	0	0	0
org.springframework.web.reactive.config.WebFluxViewResolutionIntegrationTests	ABEND	0	0	0	0
org.springframework.web.reactive.function.client.WebClientUtilsTests	OK	13	13	0	352
org.springframework.web.reactive.function.client.support.WebClientProxyRegistryIntegrationTests	ABEND	0	0	0	0
org.springframework.web.reactive.function.server.AbstractRouterFunctionIntegrationTests	EMPTY	0	0	0	94
org.springframework.web.reactive.function.server.InvalidHttpMethodIntegrationTests	ABEND	0	0	0	0
org.springframework.web.reactive.resource.EncodedResourceResolverTests	OK	4	4	0	580
org.springframework.web.reactive.resource.ResourceTransformerSupportTests	OK	4	4	0	527
org.springframework.web.reactive.resource.ResourceUrlProviderTests	OK	6	6	0	1077
org.springframework.web.reactive.resource.ResourceWebHandlerTests	ABEND	0	0	0	0
org.springframework.web.reactive.result.method.annotation.AbstractRequestMappingIntegrationTests	EMPTY	0	0	0	17
org.springframework.web.reactive.result.method.annotation.CoroutinesIntegrationTests	ABEND	0	0	0	0
org.springframework.web.reactive.result.method.annotation.CrossOriginAnnotationIntegrationTests	ABEND	0	0	0	0
org.springframework.web.reactive.result.method.annotation.GlobalCorsConfigIntegrationTests	ABEND	0	0	0	0
org.springframework.web.reactive.result.method.annotation.JacksonHintsIntegrationTests	ABEND	0	0	0	0
org.springframework.web.reactive.result.method.annotation.MessageReaderArgumentResolverTests	ABEND	0	0	0	0
org.springframework.web.reactive.result.method.annotation.MessageWriterResultHandlerTests	ABEND	0	0	0	0
org.springframework.web.reactive.result.method.annotation.ProtobufIntegrationTests	ABEND	0	0	0	0
org.springframework.web.reactive.result.method.annotation.RequestMappingDataBindingIntegrationTests	ABEND	0	0	0	0
org.springframework.web.reactive.result.method.annotation.RequestMappingExceptionHandlingIntegrationTests	ABEND	0	0	0	0
org.springframework.web.reactive.result.method.annotation.RequestMappingMessageConversionIntegrationTests	ABEND	0	0	0	0
org.springframework.web.reactive.result.method.annotation.RequestMappingViewResolutionIntegrationTests	ABEND	0	0	0	0
org.springframework.web.reactive.result.view.FragmentViewResolutionResultHandlerTests	ABEND	0	0	0	0
org.springframework.web.reactive.result.view.LocaleContextResolverIntegrationTests	ABEND	0	0	0	0
org.springframework.web.reactive.result.view.ViewResolutionResultHandlerTests	FAIL	11	10	1	2749
org.springframework.web.reactive.result.view.freemarker.FreeMarkerConfigurerTests	OK	4	4	0	632
org.springframework.web.reactive.result.view.freemarker.FreeMarkerMacroTests	ABEND	0	0	0	0
org.springframework.web.reactive.result.view.freemarker.FreeMarkerViewTests	ABEND	0	0	0	0
org.springframework.web.reactive.result.view.script.JRubyScriptTemplateTests	ABEND	0	0	0	0
org.springframework.web.reactive.result.view.script.JythonScriptTemplateTests	FAIL	1	0	1	28214
org.springframework.web.reactive.socket.AbstractReactiveWebSocketIntegrationTests	EMPTY	0	0	0	116
org.springframework.web.server.session.WebSessionIntegrationTests	ABEND	0	0	0	0
org.springframework.web.service.annotation.HttpExchangeBeanRegistrationAotProcessorTests	OK	2	2	0	784
org.springframework.web.service.registry.GroupsMetadataValueDelegateTests	TIMEOUT	0	0	0	120000
org.springframework.web.service.registry.HttpServiceProxyRegistrationAotProcessorTests	FAIL	5	3	2	46341
org.springframework.web.service.registry.HttpServiceRegistrarTests	OK	8	8	0	371
org.springframework.web.service.registry.ImportHttpServiceRegistrarTests	FAIL	5	3	2	62841
org.springframework.web.servlet.DispatcherServletTests	FAIL	53	51	2	25695
org.springframework.web.servlet.config.MvcNamespaceTests	ABEND	0	0	0	0
org.springframework.web.servlet.config.annotation.ViewResolutionIntegrationTests	ABEND	0	0	0	0
org.springframework.web.servlet.config.annotation.ViewResolverRegistryTests	OK	17	17	0	469
org.springframework.web.servlet.handler.HandlerMappingIntrospectorTests	FAIL	14	11	3	2200
org.springframework.web.servlet.handler.PathPatternsParameterizedTest	EMPTY	0	0	0	97
org.springframework.web.servlet.mvc.method.annotation.AbstractRequestAttributesArgumentResolverTests	EMPTY	0	0	0	85
org.springframework.web.servlet.mvc.method.annotation.AbstractServletHandlerMethodTests	EMPTY	0	0	0	14
org.springframework.web.servlet.mvc.method.annotation.ExceptionHandlerExceptionResolverTests	FAIL	31	30	1	4893
org.springframework.web.servlet.mvc.method.annotation.FragmentRenderingStreamTests	ABEND	0	0	0	0
org.springframework.web.servlet.mvc.method.annotation.ServletAnnotationControllerHandlerMethodTests	ABEND	0	0	0	0
org.springframework.web.servlet.tags.AbstractTagTests	EMPTY	0	0	0	10
org.springframework.web.servlet.tags.EvalTagTests	FAIL	11	4	7	2223
org.springframework.web.servlet.tags.form.AbstractFormTagTests	EMPTY	0	0	0	114
org.springframework.web.servlet.tags.form.AbstractHtmlElementTagTests	EMPTY	0	0	0	90
org.springframework.web.servlet.view.DefaultFragmentsRenderingTests	FAIL	1	0	1	27876
org.springframework.web.servlet.view.freemarker.FreeMarkerConfigurerTests	OK	3	3	0	574
org.springframework.web.servlet.view.freemarker.FreeMarkerMacroTests	OK	22	22	0	7836
org.springframework.web.servlet.view.freemarker.FreeMarkerViewTests	OK	10	10	0	2593
org.springframework.web.servlet.view.groovy.GroovyMarkupViewTests	OK	10	10	0	24456
org.springframework.web.servlet.view.script.JRubyScriptTemplateTests	FAIL	1	0	1	10584
org.springframework.web.servlet.view.script.JythonScriptTemplateTests	FAIL	1	0	1	40601
org.springframework.web.servlet.view.xml.MarshallingViewTests	OK	11	11	0	898
org.springframework.web.socket.AbstractHttpRequestTests	EMPTY	0	0	0	86
org.springframework.web.socket.AbstractWebSocketIntegrationTests	EMPTY	0	0	0	82
org.springframework.web.socket.TextMessageTests	OK	2	2	0	148
org.springframework.web.socket.WebSocketExtensionTests	OK	16	16	0	328
org.springframework.web.socket.WebSocketHandshakeTests	ABEND	0	0	0	0
org.springframework.web.socket.adapter.jetty.JettyWebSocketHandlerAdapterTests	OK	3	3	0	1829
org.springframework.web.socket.adapter.jetty.JettyWebSocketSessionTests	OK	4	4	0	1702
org.springframework.web.socket.adapter.standard.ConvertingEncoderDecoderSupportTests	ABEND	0	0	0	0
org.springframework.web.socket.adapter.standard.StandardWebSocketHandlerAdapterTests	OK	3	3	0	1367
org.springframework.web.socket.adapter.standard.StandardWebSocketSessionTests	OK	5	5	0	579
org.springframework.web.socket.client.WebSocketConnectionManagerTests	OK	2	2	0	95
org.springframework.web.socket.client.standard.StandardWebSocketClientTests	OK	8	8	0	1682
org.springframework.web.socket.config.HandlersBeanDefinitionParserTests	OK	4	4	0	6136
org.springframework.web.socket.config.MessageBrokerBeanDefinitionParserTests	FAIL	8	7	1	15639
org.springframework.web.socket.config.WebSocketMessageBrokerStatsTests	OK	5	5	0	668
org.springframework.web.socket.config.annotation.WebMvcStompEndpointRegistryTests	OK	3	3	0	1658
org.springframework.web.socket.config.annotation.WebMvcStompWebSocketEndpointRegistrationTests	OK	10	10	0	1649
org.springframework.web.socket.config.annotation.WebSocketConfigurationTests	OK	4	4	0	13219
org.springframework.web.socket.config.annotation.WebSocketHandlerRegistrationTests	OK	7	7	0	228
org.springframework.web.socket.config.annotation.WebSocketMessageBrokerConfigurationSupportTests	OK	12	12	0	14309
org.springframework.web.socket.handler.BeanCreatingHandlerProviderTests	OK	3	3	0	367
org.springframework.web.socket.handler.ConcurrentWebSocketSessionDecoratorTests	OK	8	8	0	250
org.springframework.web.socket.handler.ExceptionWebSocketHandlerDecoratorTests	OK	4	4	0	257
org.springframework.web.socket.handler.PerConnectionWebSocketHandlerTests	OK	1	1	0	257
org.springframework.web.socket.handler.WebSocketHandlerDecoratorTests	OK	1	1	0	140
org.springframework.web.socket.handler.WebSocketHttpHeadersTests	OK	11	11	0	172
org.springframework.web.socket.messaging.DefaultSimpUserRegistryTests	OK	5	5	0	85
org.springframework.web.socket.messaging.OrderedMessageSendingIntegrationTests	ABEND	0	0	0	0
org.springframework.web.socket.messaging.StompSubProtocolErrorHandlerTests	OK	2	2	0	166
org.springframework.web.socket.messaging.StompSubProtocolHandlerTests	OK	18	18	0	1145
org.springframework.web.socket.messaging.StompWebSocketIntegrationTests	ABEND	0	0	0	0
org.springframework.web.socket.messaging.SubProtocolWebSocketHandlerTests	FAIL	9	6	3	1373
org.springframework.web.socket.messaging.WebSocketAnnotationMethodMessageHandlerTests	OK	1	1	0	1079
org.springframework.web.socket.messaging.WebSocketStompClientIntegrationTests	OK	2	2	0	6555
org.springframework.web.socket.messaging.WebSocketStompClientTests	OK	21	21	0	3757
org.springframework.web.socket.server.DefaultHandshakeHandlerTests	OK	4	4	0	899
org.springframework.web.socket.server.standard.ServerEndpointExporterTests	OK	6	6	0	1863
org.springframework.web.socket.server.standard.ServerEndpointRegistrationTests	OK	2	2	0	159
org.springframework.web.socket.server.standard.SpringConfiguratorTests	OK	3	3	0	929
org.springframework.web.socket.server.support.HandshakeInterceptorChainTests	OK	3	3	0	972
org.springframework.web.socket.server.support.HttpSessionHandshakeInterceptorTests	OK	5	5	0	902
org.springframework.web.socket.server.support.OriginHandshakeInterceptorTests	OK	10	10	0	939
org.springframework.web.socket.server.support.WebSocketHandlerMappingTests	OK	2	2	0	1020
org.springframework.web.socket.server.support.WebSocketHttpRequestHandlerTests	OK	3	3	0	905
org.springframework.web.socket.sockjs.client.AbstractSockJsIntegrationTests	EMPTY	0	0	0	11
org.springframework.web.socket.sockjs.client.ClientSockJsSessionTests	OK	16	16	0	484
org.springframework.web.socket.sockjs.client.DefaultTransportRequestTests	OK	3	3	0	6652
org.springframework.web.socket.sockjs.client.RestClientXhrTransportTests	OK	6	6	0	639
org.springframework.web.socket.sockjs.client.RestTemplateXhrTransportTests	OK	6	6	0	1877
org.springframework.web.socket.sockjs.client.SockJsClientTests	OK	8	8	0	5130
org.springframework.web.socket.sockjs.client.SockJsUrlInfoTests	OK	14	14	0	343
org.springframework.web.socket.sockjs.client.XhrTransportTests	OK	6	6	0	273
org.springframework.web.socket.sockjs.frame.SockJsFrameTests	OK	6	6	0	90
org.springframework.web.socket.sockjs.support.SockJsServiceTests	OK	13	13	0	1541
org.springframework.web.socket.sockjs.transport.TransportTypeTests	OK	1	1	0	27
org.springframework.web.socket.sockjs.transport.handler.DefaultSockJsServiceTests	OK	17	17	0	1587
org.springframework.web.socket.sockjs.transport.handler.HttpReceivingTransportHandlerTests	OK	4	4	0	110
org.springframework.web.socket.sockjs.transport.handler.HttpSendingTransportHandlerTests	OK	5	5	0	762
org.springframework.web.socket.sockjs.transport.handler.SockJsWebSocketHandlerTests	OK	2	2	0	257
org.springframework.web.socket.sockjs.transport.session.AbstractSockJsSessionTests	EMPTY	0	0	0	9
org.springframework.web.socket.sockjs.transport.session.HttpSockJsSessionTests	OK	2	2	0	537
org.springframework.web.socket.sockjs.transport.session.SockJsSessionTests	OK	19	19	0	547
org.springframework.web.socket.sockjs.transport.session.WebSocketServerSockJsSessionTests	OK	8	8	0	185
org.springframework.web.util.UriComponentsBuilderTests	OK	106	106	0	4314
