org.springframework.aop.aspectj.ThisAndTargetSelectionOnlyPointcutsTests	FAIL	7	0	7	1219	OK	7	7	0	917
org.springframework.aop.aspectj.annotation.AbstractAspectJAdvisorFactoryTests	EMPTY	0	0	0	260	EMPTY	0	0	0	922
org.springframework.aop.aspectj.annotation.AspectJAdvisorBeanRegistrationAotProcessorTests	OK	2	2	0	1092	OK	2	2	0	2381
org.springframework.aop.aspectj.annotation.AspectJBeanFactoryInitializationAotProcessorTests	OK	2	2	0	1013	OK	2	2	0	2464
org.springframework.aop.framework.AbstractAopProxyTests	EMPTY	0	0	0	21	EMPTY	0	0	0	782
org.springframework.aop.framework.AbstractProxyExceptionHandlingTests	EMPTY	0	0	0	31	EMPTY	0	0	0	885
org.springframework.aop.framework.ObjenesisProxyTests	OK	1	1	0	1832	OK	1	1	0	3369
org.springframework.aop.framework.adapter.ThrowsAdviceInterceptorTests	FAIL	6	5	1	595	OK	6	6	0	927
org.springframework.aop.framework.autoproxy.BeanNameAutoProxyCreatorTests	FAIL	9	8	1	4216	OK	9	9	0	184
org.springframework.aop.scope.ScopedProxyBeanRegistrationAotProcessorTests	OK	5	5	0	50748	OK	5	5	0	2944
org.springframework.aop.support.MethodMatchersTests	LOADERR	0	0	0	4538	OK	14	14	0	139
org.springframework.aop.target.LazyCreationTargetSourceTests	FAIL	1	0	1	98	OK	1	1	0	59
org.springframework.aot.RuntimeHintsAgentTests	OK	1	0	0	552	OK	1	0	0	805
org.springframework.aot.agent.InstrumentedMethodTests	OK	54	54	0	952	OK	54	54	0	2221
org.springframework.aot.agent.RecordedInvocationTests	OK	5	5	0	206	OK	5	5	0	1357
org.springframework.aot.hint.ReflectionTypeReferenceTests	OK	10	10	0	168	OK	10	10	0	3734
org.springframework.aot.nativex.feature.ThrowawayClassLoaderTests	OK	2	2	0	71	OK	2	2	0	1196
org.springframework.aot.test.ReflectionInvocationsTests	OK	2	0	0	559	OK	2	0	0	875
org.springframework.beans.AbstractPropertyAccessorTests	EMPTY	0	0	0	168	EMPTY	0	0	0	608
org.springframework.beans.ConcurrentBeanWrapperTests	FAIL	101	100	1	5296	OK	101	101	0	725
org.springframework.beans.PropertyDescriptorUtilsPropertyResolutionTests	FAIL	42	33	9	27870	OK	42	42	0	2892
org.springframework.beans.factory.DefaultListableBeanFactoryTests	FAIL	186	182	4	10697	OK	186	186	0	3740
org.springframework.beans.factory.FactoryBeanLookupTests	FAIL	5	3	2	875	OK	5	5	0	106
org.springframework.beans.factory.annotation.AutowiredAnnotationBeanRegistrationAotContributionTests	FAIL	14	13	1	93871	OK	14	14	0	8152
org.springframework.beans.factory.aot.AotServicesTests	OK	16	16	0	472	OK	16	16	0	1872
org.springframework.beans.factory.aot.AutowiredArgumentsCodeGeneratorTests	OK	10	10	0	168	OK	10	10	0	101
org.springframework.beans.factory.aot.BeanDefinitionMethodGeneratorFactoryTests	OK	11	11	0	662	OK	11	11	0	219
org.springframework.beans.factory.aot.BeanDefinitionMethodGeneratorTests	TIMEOUT	0	0	0	120000	OK	34	34	0	3375
org.springframework.beans.factory.aot.BeanDefinitionPropertiesCodeGeneratorTests	TIMEOUT	0	0	0	120000	OK	47	47	0	6822
org.springframework.beans.factory.aot.BeanDefinitionPropertyValueCodeGeneratorDelegatesTests	TIMEOUT	0	0	0	120000	OK	44	44	0	6098
org.springframework.beans.factory.aot.BeanRegistrationAotContributionTests	OK	4	4	0	694	OK	4	4	0	20
org.springframework.beans.factory.aot.BeanRegistrationsAotContributionTests	TIMEOUT	0	0	0	120000	OK	14	14	0	18874
org.springframework.beans.factory.aot.CodeWarningsTests	OK	23	23	0	50725	OK	23	23	0	394
org.springframework.beans.factory.aot.DefaultBeanRegistrationCodeFragmentsTests	OK	19	19	0	1755	OK	19	19	0	1421
org.springframework.beans.factory.aot.InstanceSupplierCodeGeneratorKotlinTests	OK	4	4	0	23204	OK	4	4	0	2777
org.springframework.beans.factory.aot.InstanceSupplierCodeGeneratorTests	TIMEOUT	0	0	0	120000	OK	26	24	0	2389
org.springframework.beans.factory.config.CustomScopeConfigurerTests	OK	7	7	0	479	OK	7	7	0	153
org.springframework.beans.factory.config.PropertyResourceConfigurerTests	OK	31	31	0	800	OK	31	31	0	327
org.springframework.beans.factory.parsing.FailFastProblemReporterTests	OK	2	2	0	602	OK	2	2	0	198
org.springframework.beans.factory.xml.XmlBeanCollectionTests	FAIL	34	31	3	17750	OK	34	34	0	319
org.springframework.beans.factory.xml.XmlBeanDefinitionReaderTests	OK	13	13	0	1729	OK	13	13	0	307
org.springframework.beans.factory.xml.XmlBeanFactoryTests	FAIL	95	85	10	19957	OK	95	95	0	4574
org.springframework.cache.caffeine.CaffeineCacheManagerTests	OK	11	11	0	1555	OK	11	11	0	2455
org.springframework.cache.caffeine.CaffeineCacheTests	OK	17	17	0	435	OK	17	17	0	2847
org.springframework.cache.caffeine.CaffeineReactiveCachingTests	OK	4	4	0	1941	OK	4	4	0	4122
org.springframework.cache.jcache.AbstractJCacheTests	EMPTY	0	0	0	147	EMPTY	0	0	0	915
org.springframework.cache.jcache.JCacheCacheManagerTests	OK	5	5	0	3031	OK	5	5	0	336
org.springframework.cache.jcache.JCacheEhCacheAnnotationTests	OK	68	67	0	72184	OK	68	67	0	11597
org.springframework.cache.jcache.JCacheEhCacheApiTests	OK	15	15	0	3492	OK	15	15	0	1418
org.springframework.cache.jcache.config.JCacheCustomInterceptorTests	OK	3	3	0	2697	OK	3	3	0	2573
org.springframework.cache.jcache.config.JCacheJavaConfigTests	OK	32	32	0	26973	OK	32	32	0	2725
org.springframework.cache.jcache.config.JCacheNamespaceDrivenTests	OK	30	30	0	11649	OK	30	30	0	3651
org.springframework.cache.jcache.config.JCacheStandaloneConfigTests	OK	28	28	0	6773	OK	28	28	0	2518
org.springframework.cache.jcache.interceptor.AbstractCacheOperationTests	EMPTY	0	0	0	11	EMPTY	0	0	0	9
org.springframework.cache.jcache.interceptor.AnnotationCacheOperationSourceTests	OK	16	16	0	795	OK	16	16	0	144
org.springframework.cache.jcache.interceptor.CachePutOperationTests	OK	6	6	0	145	OK	6	6	0	87
org.springframework.cache.jcache.interceptor.CacheRemoveAllOperationTests	OK	2	2	0	65	OK	2	2	0	36
org.springframework.cache.jcache.interceptor.CacheRemoveOperationTests	OK	2	2	0	90	OK	2	2	0	47
org.springframework.cache.jcache.interceptor.CacheResolverAdapterTests	OK	2	2	0	217	OK	2	2	0	158
org.springframework.cache.jcache.interceptor.CacheResultOperationTests	OK	7	7	0	122	OK	7	7	0	34
org.springframework.cache.jcache.interceptor.JCacheErrorHandlerTests	OK	6	6	0	4784	OK	6	6	0	1000
org.springframework.cache.jcache.interceptor.JCacheInterceptorTests	OK	5	5	0	185	OK	5	5	0	79
org.springframework.cache.jcache.interceptor.JCacheKeyGeneratorTests	OK	3	3	0	2590	OK	3	3	0	327
org.springframework.cache.transaction.AbstractTransactionSupportingCacheManagerTests	EMPTY	0	0	0	11	EMPTY	0	0	0	7
org.springframework.cache.transaction.TransactionAwareCacheDecoratorTests	OK	15	15	0	180	OK	15	15	0	78
org.springframework.context.annotation.AbstractCircularImportDetectionTests	EMPTY	0	0	0	16	EMPTY	0	0	0	762
org.springframework.context.annotation.AnnotationConfigApplicationContextTests	FAIL	36	35	1	3550	OK	35	35	0	2335
org.springframework.context.annotation.ClassPathBeanDefinitionScannerTests	OK	30	30	0	6442	OK	30	30	0	976
org.springframework.context.annotation.ClassPathFactoryBeanDefinitionScannerTests	OK	1	1	0	1261	OK	1	1	0	221
org.springframework.context.annotation.ClassPathScanningCandidateComponentProviderTests	OK	36	36	0	3516	OK	36	36	0	2220
org.springframework.context.annotation.CommonAnnotationBeanPostProcessorTests	FAIL	21	20	1	962	OK	21	21	0	87
org.springframework.context.annotation.CommonAnnotationBeanRegistrationAotContributionTests	OK	8	8	0	57437	OK	8	8	0	7036
org.springframework.context.annotation.ComponentScanAndImportAnnotationInteractionTests	OK	6	6	0	1778	OK	6	6	0	223
org.springframework.context.annotation.ComponentScanAnnotationIntegrationTests	OK	25	25	0	26040	OK	25	25	0	2570
org.springframework.context.annotation.ComponentScanAnnotationRecursionTests	OK	2	2	0	336	OK	2	2	0	242
org.springframework.context.annotation.ComponentScanParserBeanDefinitionDefaultsTests	TIMEOUT	0	0	0	120000	OK	12	12	0	2938
org.springframework.context.annotation.ComponentScanParserScopedProxyTests	OK	5	5	0	2245	OK	5	5	0	667
org.springframework.context.annotation.ComponentScanParserTests	OK	8	8	0	22204	OK	8	8	0	663
org.springframework.context.annotation.ComponentScanParserWithUserDefinedStrategiesTests	OK	4	4	0	2198	OK	4	4	0	473
org.springframework.context.annotation.ConfigurationClassEnhancerTests	FAIL	5	3	2	111	FAIL	5	4	1	96
org.springframework.context.annotation.ConfigurationClassPostConstructAndAutowiringTests	FAIL	2	1	1	485	OK	2	2	0	85
org.springframework.context.annotation.ConfigurationClassPostProcessorAotContributionTests	OK	20	20	0	110410	OK	20	20	0	8540
org.springframework.context.annotation.ConfigurationClassPostProcessorTests	FAIL	85	82	3	8141	OK	85	85	0	4210
org.springframework.context.annotation.DoubleScanTests	OK	1	1	0	765	OK	1	1	0	339
org.springframework.context.annotation.EnableAspectJAutoProxyTests	OK	5	5	0	5115	OK	5	5	0	819
org.springframework.context.annotation.ImportSelectorTests	OK	9	9	0	40144	OK	9	9	0	4156
org.springframework.context.annotation.InitDestroyMethodLifecycleTests	OK	11	11	0	31673	OK	11	11	0	7236
org.springframework.context.annotation.PropertySourceAnnotationTests	OK	25	25	0	7412	OK	25	25	0	454
org.springframework.context.annotation.RoleAndDescriptionAnnotationTests	OK	3	3	0	683	OK	3	3	0	64
org.springframework.context.annotation.SimpleScanTests	FAIL	1	0	1	101	OK	1	1	0	479
org.springframework.context.annotation.Spr15275Tests	FAIL	6	4	2	892	OK	6	6	0	248
org.springframework.context.annotation.Spr6602Tests	FAIL	2	1	1	1113	OK	2	2	0	36
org.springframework.context.annotation.beanregistrar.BeanRegistrarConfigurationTests	OK	12	12	0	1513	OK	12	12	0	339
org.springframework.context.annotation.configuration.ImportTests	OK	16	16	0	1410	OK	16	16	0	346
org.springframework.context.annotation.configuration.spr8955.Spr8955Tests	OK	1	1	0	100	OK	1	1	0	25
org.springframework.context.annotation.configuration.spr9031.Spr9031Tests	OK	2	2	0	217	OK	2	2	0	39
org.springframework.context.annotation.jsr330.ClassPathBeanDefinitionScannerJsr330ScopeIntegrationTests	OK	10	10	0	3365	OK	10	10	0	2304
org.springframework.context.annotation.scope.ClassPathBeanDefinitionScannerScopeIntegrationTests	OK	9	9	0	2658	OK	9	9	0	2233
org.springframework.context.annotation.spr10546.Spr10546Tests	OK	10	10	0	1887	OK	10	10	0	400
org.springframework.context.annotation.spr12233.Spr12233Tests	OK	1	1	0	170	OK	1	1	0	30
org.springframework.context.annotation.spr12334.Spr12334Tests	OK	1	1	0	121	OK	1	1	0	43
org.springframework.context.annotation.spr16756.Spr16756Tests	OK	1	1	0	178	OK	1	1	0	35
org.springframework.context.annotation.spr8761.Spr8761Tests	OK	1	1	0	149	OK	1	1	0	30
org.springframework.context.annotation.spr8808.Spr8808Tests	OK	1	1	0	115	OK	1	1	0	8
org.springframework.context.aot.ApplicationContextAotGeneratorTests	TIMEOUT	0	0	0	120000	OK	40	40	0	24294
org.springframework.context.aot.CglibClassHandlerTests	OK	3	3	0	65	OK	3	3	0	2967
org.springframework.context.aot.KotlinReflectionBeanRegistrationAotProcessorTests	OK	4	4	0	791	OK	4	4	0	4946
org.springframework.context.aot.ReflectiveProcessorAotContributionBuilderTests	OK	6	6	0	367	OK	6	6	0	2243
org.springframework.context.aot.ReflectiveProcessorBeanFactoryInitializationAotProcessorTests	OK	9	9	0	801	OK	9	9	0	4110
org.springframework.context.aot.RuntimeHintsBeanFactoryInitializationAotProcessorTests	OK	6	6	0	1935	OK	6	6	0	1341
org.springframework.context.config.ContextNamespaceHandlerTests	OK	9	9	0	2452	OK	9	9	0	1445
org.springframework.context.event.AbstractApplicationEventListenerTests	EMPTY	0	0	0	10	EMPTY	0	0	0	14
org.springframework.context.event.EventPublicationInterceptorTests	OK	5	5	0	291	OK	5	5	0	507
org.springframework.context.expression.ApplicationContextExpressionTests	OK	7	7	0	905	OK	7	7	0	924
org.springframework.context.generator.ApplicationContextAotGeneratorRuntimeHintsTests	OK	5	0	0	71	OK	5	0	0	75
org.springframework.context.groovy.GroovyBeanDefinitionReaderTests	FAIL	36	35	1	86233	OK	36	36	0	6268
org.springframework.context.index.processor.CandidateComponentsIndexerTests	FAIL	24	0	24	18153	FAIL	24	0	24	3428
org.springframework.context.index.processor.PropertiesMarshallerTests	OK	2	2	0	238	OK	2	2	0	1220
org.springframework.core.AbstractReflectionParameterNameDiscovererKotlinTests	EMPTY	0	0	0	12	EMPTY	0	0	0	898
org.springframework.core.BridgeMethodResolverTests	FAIL	29	26	3	552	OK	29	29	0	401
org.springframework.core.GenericTypeResolverTests	FAIL	25	24	1	369	OK	25	25	0	1509
org.springframework.core.ResolvableTypeTests	FAIL	162	161	1	5853	OK	162	162	0	638
org.springframework.core.SortedPropertiesTests	OK	11	11	0	378	OK	11	11	0	358
org.springframework.core.annotation.AnnotatedElementUtilsTests	FAIL	82	81	1	1610	OK	82	82	0	108
org.springframework.core.annotation.MergedAnnotationsTests	FAIL	178	177	1	4168	OK	178	178	0	1349
org.springframework.core.annotation.MultipleComposedAnnotationsOnSingleAnnotatedElementTests	FAIL	19	17	1	313	OK	19	18	0	18
org.springframework.core.annotation.NestedRepeatableAnnotationsTests	FAIL	12	2	10	508	OK	12	12	0	12
org.springframework.core.codec.ResourceRegionEncoderTests	OK	6	6	0	234	OK	6	6	0	1964
org.springframework.core.convert.converter.DefaultConversionServiceTests	OK	152	152	0	5224	OK	152	152	0	1259
org.springframework.core.env.EnvironmentSystemIntegrationTests	OK	29	29	0	4658	OK	29	29	0	2088
org.springframework.core.io.ModuleResourceTests	OK	3	3	0	61	OK	3	3	0	1330
org.springframework.core.io.PathResourceTests	FAIL	38	27	11	2137	FAIL	38	27	11	1581
org.springframework.core.io.ResourceTests	FAIL	68	66	2	2707	OK	68	68	0	275
org.springframework.core.io.buffer.DataBufferTests	TIMEOUT	0	0	0	120000	OK	294	294	0	427
org.springframework.core.io.support.PathMatchingResourcePatternResolverTests	FAIL	22	15	7	10668	FAIL	22	17	5	3467
org.springframework.core.io.support.ResourceArrayPropertyEditorTests	OK	6	6	0	259	OK	6	6	0	942
org.springframework.core.io.support.SpringFactoriesLoaderTests	FAIL	33	31	2	1128	FAIL	33	31	2	2541
org.springframework.core.retry.RetryPolicyTests	FAIL	23	22	1	900	OK	23	23	0	69
org.springframework.core.retry.RetryTemplateTests	OK	24	24	0	2250	OK	24	24	0	1537
org.springframework.core.task.SimpleAsyncTaskExecutorTests	OK	12	12	0	2033	OK	12	12	0	3195
org.springframework.core.test.io.support.MockSpringFactoriesLoaderTests	OK	4	4	0	182	OK	4	4	0	2317
org.springframework.core.test.tools.ClassFileTests	OK	4	4	0	143	OK	4	4	0	1600
org.springframework.core.test.tools.ClassFilesTests	OK	11	11	0	235	OK	11	11	0	54
org.springframework.core.test.tools.CompilationExceptionTests	OK	5	5	0	315	OK	5	5	0	133
org.springframework.core.test.tools.CompiledTests	OK	14	14	0	13334	OK	14	14	0	2331
org.springframework.core.test.tools.DynamicClassFileObjectTests	OK	3	3	0	137	OK	3	3	0	41
org.springframework.core.test.tools.DynamicJavaFileManagerTests	OK	11	11	0	1507	OK	11	11	0	2156
org.springframework.core.test.tools.DynamicJavaFileObjectTests	OK	2	2	0	88	OK	2	2	0	49
org.springframework.core.test.tools.DynamicResourceFileObjectTests	OK	5	5	0	69	OK	5	5	0	20
org.springframework.core.test.tools.ResourceFileTests	OK	3	3	0	42	OK	3	3	0	25
org.springframework.core.test.tools.ResourceFilesTests	OK	14	14	0	159	OK	14	14	0	37
org.springframework.core.test.tools.SourceFileAssertTests	OK	4	4	0	105	OK	4	4	0	126
org.springframework.core.test.tools.SourceFileTests	FAIL	14	12	2	260	FAIL	14	12	2	67
org.springframework.core.test.tools.SourceFilesTests	OK	14	14	0	197	OK	14	14	0	369
org.springframework.core.test.tools.TestCompilerTests	OK	22	22	0	34640	OK	22	22	0	6484
org.springframework.core.type.AbstractAnnotationMetadataTests	EMPTY	0	0	0	10	EMPTY	0	0	0	6
org.springframework.core.type.AbstractClassMetadataMemberClassTests	EMPTY	0	0	0	9	EMPTY	0	0	0	23
org.springframework.core.type.AbstractMethodMetadataTests	EMPTY	0	0	0	12	EMPTY	0	0	0	7
org.springframework.ejb.config.JeeNamespaceHandlerTests	OK	9	9	0	2587	OK	9	9	0	1406
org.springframework.expression.spel.AbstractExpressionTests	EMPTY	0	0	0	81	EMPTY	0	0	0	1414
org.springframework.expression.spel.ArrayConstructorTests	OK	8	8	0	468	OK	8	8	0	1564
org.springframework.expression.spel.ConstructorInvocationTests	OK	7	7	0	418	OK	7	7	0	3007
org.springframework.expression.spel.EvaluationTests	OK	101	101	0	11165	OK	101	101	0	4383
org.springframework.expression.spel.LiteralTests	OK	17	17	0	279	OK	17	17	0	1284
org.springframework.expression.spel.MethodInvocationTests	FAIL	23	21	2	1243	OK	23	23	0	372
org.springframework.expression.spel.OperatorTests	OK	33	33	0	1315	OK	33	33	0	414
org.springframework.expression.spel.ParsingTests	OK	80	80	0	1547	OK	80	80	0	582
org.springframework.expression.spel.SpelCompilationCoverageTests	FAIL	162	161	1	16253	OK	162	162	0	3959
org.springframework.expression.spel.SpelDocumentationTests	OK	46	46	0	1775	OK	46	46	0	275
org.springframework.expression.spel.SpelReproTests	OK	99	99	0	2795	OK	99	99	0	1757
org.springframework.expression.spel.VariableAndFunctionTests	OK	16	16	0	799	OK	16	16	0	310
org.springframework.expression.spel.ast.InlineCollectionTests	OK	18	18	0	321	OK	18	18	0	117
org.springframework.expression.spel.standard.SpelCompilerTests	OK	3	3	0	492	OK	3	3	0	2696
org.springframework.expression.spel.standard.SpelParserTests	OK	28	28	0	505	OK	28	28	0	123
org.springframework.format.datetime.standard.DateTimeFormattingTests	FAIL	61	58	3	4275	OK	61	61	0	190
org.springframework.format.datetime.standard.InstantFormatterTests	FAIL	40	30	10	1893	OK	40	40	0	33
org.springframework.http.ContentDispositionTests	FAIL	34	33	1	755	OK	34	34	0	452
org.springframework.http.MediaTypeTests	OK	28	28	0	515	OK	28	28	0	1222
org.springframework.http.client.AbstractHttpRequestFactoryTests	EMPTY	0	0	0	14	EMPTY	0	0	0	1447
org.springframework.http.client.AbstractMockWebServerTests	EMPTY	0	0	0	18	EMPTY	0	0	0	985
org.springframework.http.client.JettyClientHttpRequestFactoryTests	OK	6	6	0	1128	OK	6	6	0	4277
org.springframework.http.client.SimpleClientHttpRequestFactoryTests	FAIL	10	6	4	3658	OK	10	10	0	716
org.springframework.http.client.SimpleClientHttpResponseTests	OK	5	5	0	3801	OK	5	5	0	2381
org.springframework.http.codec.cbor.JacksonCborDecoderTests	FAIL	3	0	1	127	OK	3	3	0	603
org.springframework.http.codec.multipart.DefaultPartHttpMessageReaderTests	OK	35	35	0	2108	OK	35	35	0	3348
org.springframework.http.codec.multipart.MultipartHttpMessageWriterTests	OK	6	6	0	6543	OK	6	6	0	3812
org.springframework.http.converter.BufferedImageHttpMessageConverterTests	OK	5	5	0	167	OK	5	5	0	269
org.springframework.http.converter.StringHttpMessageConverterTests	FAIL	13	12	1	245	OK	13	13	0	22
org.springframework.http.converter.json.GsonHttpMessageConverterTests	FAIL	14	13	1	308	OK	14	14	0	48
org.springframework.http.converter.json.JacksonJsonHttpMessageConverterTests	FAIL	34	33	1	1638	OK	34	34	0	430
org.springframework.http.converter.json.JsonbHttpMessageConverterTests	FAIL	14	13	1	525	OK	14	14	0	118
org.springframework.http.converter.json.KotlinSerializationJsonHttpMessageConverterTests	FAIL	25	24	1	1916	OK	25	25	0	117
org.springframework.http.converter.json.MappingJackson2HttpMessageConverterTests	FAIL	32	31	1	2608	OK	32	32	0	192
org.springframework.http.converter.xml.MarshallingHttpMessageConverterTests	OK	8	8	0	664	OK	8	8	0	968
org.springframework.http.server.reactive.ServerHttpsRequestIntegrationTests	OK	1	1	0	4108	OK	1	1	0	4768
org.springframework.jdbc.config.InitializeDatabaseIntegrationTests	OK	7	7	0	6206	OK	7	7	0	6316
org.springframework.jdbc.config.JdbcNamespaceIntegrationTests	OK	16	14	0	11563	OK	16	14	0	7895
org.springframework.jdbc.core.AbstractRowMapperTests	EMPTY	0	0	0	81	EMPTY	0	0	0	917
org.springframework.jdbc.core.JdbcTemplateTests	OK	56	56	0	18167	OK	56	56	0	7484
org.springframework.jdbc.core.namedparam.BeanPropertySqlParameterSourceTests	FAIL	10	7	3	284	OK	10	10	0	531
org.springframework.jdbc.core.namedparam.MapSqlParameterSourceTests	FAIL	6	3	3	139	OK	6	6	0	14
org.springframework.jdbc.core.namedparam.NamedParameterJdbcTemplateTests	OK	22	21	0	3951	OK	22	21	0	5564
org.springframework.jdbc.core.simple.JdbcClientNamedParameterTests	OK	14	14	0	5037	OK	14	14	0	3941
org.springframework.jdbc.datasource.DataSourceJtaTransactionTests	OK	28	28	0	1654	OK	28	28	0	3744
org.springframework.jdbc.datasource.DataSourceTransactionManagerTests	OK	55	55	0	2654	OK	55	55	0	657
org.springframework.jdbc.datasource.init.AbstractDatabaseInitializationTests	EMPTY	0	0	0	11	EMPTY	0	0	0	5
org.springframework.jdbc.datasource.init.AbstractDatabasePopulatorTests	EMPTY	0	0	0	9	EMPTY	0	0	0	15
org.springframework.jdbc.object.SqlQueryTests	OK	21	21	0	605	OK	21	21	0	1049
org.springframework.jdbc.support.JdbcTransactionManagerTests	OK	59	59	0	2327	OK	59	59	0	182
org.springframework.jdbc.support.incrementer.H2SequenceMaxValueIncrementerTests	OK	12	12	0	847	OK	12	12	0	570
org.springframework.jms.annotation.AbstractJmsAnnotationDrivenTests	EMPTY	0	0	0	91	EMPTY	0	0	0	2036
org.springframework.jms.annotation.AnnotationDrivenNamespaceTests	OK	9	9	0	2803	OK	9	9	0	4726
org.springframework.jms.annotation.EnableJmsTests	OK	14	14	0	4849	OK	14	14	0	8185
org.springframework.jms.annotation.JmsListenerAnnotationBeanPostProcessorTests	OK	5	5	0	2419	OK	5	5	0	4415
org.springframework.jms.config.JmsListenerContainerFactoryIntegrationTests	OK	4	4	0	1488	OK	4	4	0	5586
org.springframework.jms.config.JmsListenerContainerFactoryTests	OK	6	6	0	864	OK	6	6	0	164
org.springframework.jms.config.JmsListenerEndpointRegistrarTests	OK	6	6	0	198	OK	6	6	0	45
org.springframework.jms.config.JmsListenerEndpointRegistryTests	OK	4	4	0	198	OK	4	4	0	28
org.springframework.jms.config.JmsListenerEndpointTests	OK	5	5	0	810	OK	5	5	0	879
org.springframework.jms.config.JmsNamespaceHandlerTests	OK	13	13	0	6073	OK	13	13	0	1061
org.springframework.jms.config.MethodJmsListenerEndpointTests	OK	27	27	0	4600	OK	27	27	0	975
org.springframework.jms.config.SimpleJmsListenerEndpointTests	OK	1	1	0	30	OK	1	1	0	15
org.springframework.jms.connection.ConnectionFactoriesRuntimeHintsTests	OK	1	1	0	67	OK	1	1	0	346
org.springframework.jms.connection.JmsTransactionManagerTests	OK	9	9	0	2766	OK	9	9	0	455
org.springframework.jms.connection.SingleConnectionFactoryTests	OK	19	19	0	3919	OK	19	19	0	914
org.springframework.jms.connection.UserCredentialsConnectionFactoryAdapterTests	OK	10	10	0	1324	OK	10	10	0	366
org.springframework.jms.core.JmsClientTests	OK	36	36	0	7006	OK	36	36	0	5803
org.springframework.jms.core.JmsMessagingTemplateTests	OK	63	63	0	4951	OK	63	63	0	2302
org.springframework.jms.core.JmsTemplateJtaTests	OK	52	52	0	4320	OK	52	52	0	673
org.springframework.jms.core.JmsTemplateTests	OK	52	52	0	4448	OK	52	52	0	1693
org.springframework.jms.core.JmsTemplateTransactedTests	FAIL	52	51	1	3616	OK	52	52	0	2113
org.springframework.jms.core.support.JmsGatewaySupportTests	OK	2	2	0	43	OK	2	2	0	59
org.springframework.jms.listener.DefaultMessageListenerContainerTests	OK	9	9	0	1912	OK	9	9	0	375
org.springframework.jms.listener.MessageListenerContainerObservationTests	OK	6	6	0	4291	OK	6	6	0	5074
org.springframework.jms.listener.SimpleMessageListenerContainerTests	OK	14	14	0	1925	OK	14	14	0	1747
org.springframework.jms.listener.adapter.JmsResponseTests	OK	6	6	0	285	OK	6	6	0	317
org.springframework.jms.listener.adapter.MessageListenerAdapterTests	OK	19	19	0	5770	OK	19	19	0	458
org.springframework.jms.listener.adapter.MessagingMessageListenerAdapterIntegrationTests	OK	4	4	0	115	OK	4	4	0	21
org.springframework.jms.listener.adapter.MessagingMessageListenerAdapterTests	OK	19	19	0	1912	OK	19	19	0	1565
org.springframework.jms.listener.endpoint.DefaultJmsActivationSpecFactoryTests	OK	2	2	0	199	OK	2	2	0	51
org.springframework.jms.listener.endpoint.JmsActivationSpecConfigTests	OK	3	3	0	68	OK	3	3	0	13
org.springframework.jms.listener.endpoint.JmsMessageEndpointManagerTests	OK	9	9	0	119	OK	9	9	0	28
org.springframework.jms.support.JmsAccessorTests	OK	8	8	0	118	OK	8	8	0	58
org.springframework.jms.support.JmsMessageHeaderAccessorTests	OK	1	1	0	44	OK	1	1	0	49
org.springframework.jms.support.SimpleJmsHeaderMapperTests	OK	41	41	0	626	OK	41	41	0	111
org.springframework.jms.support.SimpleMessageConverterTests	OK	10	10	0	3588	OK	10	10	0	518
org.springframework.jms.support.converter.JacksonJsonMessageConverterTests	OK	19	19	0	1567	OK	19	19	0	565
org.springframework.jms.support.converter.MappingJackson2MessageConverterTests	OK	19	19	0	2566	OK	19	19	0	989
org.springframework.jms.support.converter.MarshallingMessageConverterTests	OK	4	4	0	2411	OK	4	4	0	223
org.springframework.jms.support.converter.MessagingMessageConverterTests	OK	3	3	0	810	OK	3	3	0	89
org.springframework.jms.support.destination.DynamicDestinationResolverTests	OK	4	4	0	1407	OK	4	4	0	5470
org.springframework.jms.support.destination.JmsDestinationAccessorTests	OK	2	2	0	59	OK	2	2	0	5189
org.springframework.jms.support.destination.JndiDestinationResolverTests	OK	4	4	0	251	OK	4	4	0	4256
org.springframework.jms.support.destination.SimpleDestinationResolverTests	OK	4	4	0	1310	OK	4	4	0	3664
org.springframework.jmx.AbstractJmxTests	EMPTY	0	0	0	17	EMPTY	0	0	0	66
org.springframework.jmx.AbstractMBeanServerTests	EMPTY	0	0	0	15	EMPTY	0	0	0	14
org.springframework.jmx.access.MBeanClientInterceptorTests	FAIL	14	4	10	3583	OK	14	14	0	424
org.springframework.jmx.access.RemoteMBeanClientInterceptorTests	FAIL	14	2	12	8062	OK	14	14	0	1173
org.springframework.jmx.export.CustomEditorConfigurerTests	FAIL	2	1	1	502	OK	2	2	0	21
org.springframework.jmx.export.LazyInitMBeanTests	FAIL	1	0	1	491	OK	1	1	0	13
org.springframework.jmx.export.MBeanExporterOperationsTests	FAIL	6	3	3	315	OK	6	6	0	6
org.springframework.jmx.export.MBeanExporterTests	FAIL	38	33	5	3291	OK	38	38	0	843
org.springframework.jmx.export.NotificationListenerTests	FAIL	13	1	12	800	OK	13	13	0	19
org.springframework.jmx.export.NotificationPublisherTests	FAIL	4	3	1	1237	OK	4	4	0	51
org.springframework.jmx.export.PropertyPlaceholderConfigurerTests	FAIL	2	1	1	334	OK	2	2	0	28
org.springframework.jmx.export.annotation.AnnotationLazyInitMBeanTests	FAIL	3	0	3	3425	OK	3	3	0	769
org.springframework.jmx.export.annotation.AnnotationMetadataAssemblerTests	FAIL	31	21	10	16776	OK	31	31	0	350
org.springframework.jmx.export.annotation.EnableMBeanExportConfigurationTests	FAIL	8	2	6	4030	OK	8	8	0	1173
org.springframework.jmx.export.assembler.AbstractJmxAssemblerTests	EMPTY	0	0	0	10	EMPTY	0	0	0	10
org.springframework.jmx.export.assembler.AbstractMetadataAssemblerTests	EMPTY	0	0	0	12	EMPTY	0	0	0	11
org.springframework.jmx.export.assembler.InterfaceBasedMBeanInfoAssemblerCustomTests	FAIL	13	7	6	3652	OK	13	13	0	87
org.springframework.jmx.export.assembler.InterfaceBasedMBeanInfoAssemblerMappedTests	FAIL	17	11	6	2927	OK	17	17	0	87
org.springframework.jmx.export.assembler.InterfaceBasedMBeanInfoAssemblerTests	FAIL	12	6	6	4354	OK	12	12	0	60
org.springframework.jmx.export.assembler.MethodExclusionMBeanInfoAssemblerComboTests	FAIL	14	8	6	2108	OK	14	14	0	60
org.springframework.jmx.export.assembler.MethodExclusionMBeanInfoAssemblerMappedTests	FAIL	14	8	6	3456	OK	14	14	0	56
org.springframework.jmx.export.assembler.MethodExclusionMBeanInfoAssemblerNotMappedTests	FAIL	14	8	6	3519	OK	14	14	0	812
org.springframework.jmx.export.assembler.MethodExclusionMBeanInfoAssemblerTests	FAIL	14	8	6	4301	OK	14	14	0	79
org.springframework.jmx.export.assembler.MethodNameBasedMBeanInfoAssemblerMappedTests	FAIL	15	9	6	4472	OK	15	15	0	88
org.springframework.jmx.export.assembler.MethodNameBasedMBeanInfoAssemblerTests	FAIL	14	8	6	3119	OK	14	14	0	70
org.springframework.jmx.export.assembler.ReflectiveAssemblerTests	FAIL	12	6	6	1796	OK	12	12	0	57
org.springframework.jmx.export.naming.AbstractNamingStrategyTests	EMPTY	0	0	0	12	EMPTY	0	0	0	11
org.springframework.jmx.export.naming.IdentityNamingStrategyTests	FAIL	1	0	1	40	OK	1	1	0	3
org.springframework.jmx.export.naming.MetadataNamingStrategyTests	FAIL	6	0	6	131	OK	6	6	0	10
org.springframework.jmx.support.JmxUtilsTests	FAIL	12	11	1	192	OK	12	12	0	62
org.springframework.jmx.support.MBeanServerFactoryBeanTests	FAIL	7	5	2	146	OK	7	7	0	7
org.springframework.jndi.JndiObjectFactoryBeanTests	FAIL	25	24	1	1366	OK	25	25	0	469
org.springframework.mail.SimpleMailMessageTests	OK	10	10	0	939	OK	10	10	0	1453
org.springframework.mail.javamail.ConfigurableMimeFileTypeMapTests	OK	4	4	0	175	OK	4	4	0	94
org.springframework.mail.javamail.InternetAddressEditorTests	OK	7	7	0	95	OK	7	7	0	53
org.springframework.mail.javamail.JavaMailSenderTests	OK	20	20	0	1181	OK	20	20	0	934
org.springframework.messaging.converter.MarshallingMessageConverterTests	OK	4	4	0	343	OK	4	4	0	4878
org.springframework.messaging.rsocket.RSocketBufferLeakTests	OK	6	5	0	3163	OK	6	5	0	4892
org.springframework.messaging.rsocket.service.RSocketExchangeBeanRegistrationAotProcessorTests	OK	2	2	0	662	OK	2	2	0	3232
org.springframework.messaging.simp.broker.DefaultSubscriptionRegistryTests	OK	19	19	0	285	OK	19	19	0	4071
org.springframework.messaging.simp.stomp.AbstractStompBrokerRelayIntegrationTests	EMPTY	0	0	0	13	EMPTY	0	0	0	41
org.springframework.messaging.simp.stomp.BufferingStompDecoderTests	OK	11	11	0	167	OK	11	11	0	85
org.springframework.messaging.simp.stomp.ReactorNettyStompBrokerRelayIntegrationTests	FAIL	7	0	7	622	OK	7	7	0	22452
org.springframework.messaging.simp.stomp.ReactorNettyTcpStompClientTests	FAIL	1	0	1	216	OK	1	1	0	530
org.springframework.mock.web.MockHttpServletRequestTests	OK	76	76	0	1660	OK	76	76	0	2623
org.springframework.mock.web.MockHttpServletResponseTests	OK	68	68	0	1602	OK	68	68	0	3516
org.springframework.orm.jpa.AbstractContainerEntityManagerFactoryIntegrationTests	EMPTY	0	0	0	72	EMPTY	0	0	0	905
org.springframework.orm.jpa.AbstractEntityManagerFactoryBeanTests	EMPTY	0	0	0	108	EMPTY	0	0	0	988
org.springframework.orm.jpa.AbstractEntityManagerFactoryIntegrationTests	EMPTY	0	0	0	109	EMPTY	0	0	0	1449
org.springframework.orm.jpa.ApplicationManagedEntityManagerIntegrationTests	OK	8	8	0	3805	OK	8	8	0	5372
org.springframework.orm.jpa.ContainerManagedEntityManagerIntegrationTests	OK	10	10	0	3708	OK	10	10	0	3593
org.springframework.orm.jpa.DefaultJpaDialectTests	OK	3	3	0	1853	OK	3	3	0	3990
org.springframework.orm.jpa.EntityManagerFactoryBeanSupportTests	OK	1	1	0	1006	OK	1	1	0	7479
org.springframework.orm.jpa.EntityManagerFactoryUtilsTests	OK	6	6	0	2129	OK	6	6	0	2190
org.springframework.orm.jpa.EntityManagerRuntimeHintsTests	OK	3	3	0	267	OK	3	3	0	123
org.springframework.orm.jpa.JpaTransactionManagerTests	OK	22	22	0	3649	OK	22	22	0	438
org.springframework.orm.jpa.LocalContainerEntityManagerFactoryBeanTests	OK	11	11	0	2749	OK	11	11	0	1028
org.springframework.orm.jpa.LocalEntityManagerFactoryBeanTests	OK	6	6	0	1103	OK	6	6	0	131
org.springframework.orm.jpa.SharedEntityManagerCreatorTests	OK	13	13	0	4821	OK	13	13	0	2663
org.springframework.orm.jpa.eclipselink.EclipseLinkEntityManagerFactoryIntegrationTests	OK	20	20	0	3514	OK	20	20	0	3446
org.springframework.orm.jpa.eclipselink.EclipseLinkEntityManagerFactoryScanIntegrationTests	OK	20	20	0	5097	OK	20	20	0	5126
org.springframework.orm.jpa.eclipselink.EclipseLinkEntityManagerFactorySimpleIntegrationTests	OK	20	20	0	3733	OK	20	20	0	1402
org.springframework.orm.jpa.hibernate.HibernateEntityManagerFactoryIntegrationTests	OK	23	23	0	5561	OK	23	23	0	3173
org.springframework.orm.jpa.hibernate.HibernateEntityManagerFactoryScanIntegrationTests	OK	23	23	0	8955	OK	23	23	0	3514
org.springframework.orm.jpa.hibernate.HibernateEntityManagerFactorySimpleIntegrationTests	OK	23	23	0	6132	OK	23	23	0	4554
org.springframework.orm.jpa.hibernate.HibernateJpaDialectTests	OK	1	1	0	35	OK	1	1	0	125
org.springframework.orm.jpa.hibernate.HibernateMultiEntityManagerFactoryIntegrationTests	OK	19	19	0	5265	OK	19	19	0	434
org.springframework.orm.jpa.hibernate.HibernateNativeEntityManagerFactoryIntegrationTests	OK	23	23	0	4514	OK	23	23	0	1377
org.springframework.orm.jpa.hibernate.HibernateNativeEntityManagerFactorySpringBeanContainerIntegrationTests	OK	13	13	0	3843	OK	13	13	0	385
org.springframework.orm.jpa.persistenceunit.DefaultPersistenceUnitManagerTests	OK	2	2	0	135	OK	2	2	0	84
org.springframework.orm.jpa.persistenceunit.PersistenceManagedTypesBeanRegistrationAotProcessorTests	OK	2	2	0	22705	OK	2	2	0	2861
org.springframework.orm.jpa.persistenceunit.PersistenceManagedTypesScannerTests	OK	6	6	0	572	OK	6	6	0	460
org.springframework.orm.jpa.persistenceunit.PersistenceManagedTypesTests	OK	3	3	0	46	OK	3	3	0	15
org.springframework.orm.jpa.persistenceunit.PersistenceXmlParsingTests	OK	14	12	0	525	OK	14	12	0	185
org.springframework.orm.jpa.persistenceunit.SpringPersistenceUnitInfoRuntimeHintsTests	OK	1	1	0	119	OK	1	1	0	13
org.springframework.orm.jpa.support.InjectionCodeGeneratorTests	OK	10	10	0	96635	OK	10	10	0	7434
org.springframework.orm.jpa.support.OpenEntityManagerInViewTests	OK	6	6	0	2145	OK	6	6	0	491
org.springframework.orm.jpa.support.PersistenceAnnotationBeanPostProcessorAotContributionTests	TIMEOUT	0	0	0	120000	OK	8	8	0	14842
org.springframework.orm.jpa.support.PersistenceContextTransactionTests	OK	11	11	0	2249	OK	11	11	0	466
org.springframework.orm.jpa.support.PersistenceInjectionIntegrationTests	OK	2	2	0	1304	OK	2	2	0	259
org.springframework.orm.jpa.support.PersistenceInjectionTests	FAIL	27	26	1	2706	OK	27	27	0	706
org.springframework.orm.jpa.support.SharedEntityManagerFactoryTests	OK	1	1	0	1365	OK	1	1	0	29
org.springframework.oxm.AbstractMarshallerTests	EMPTY	0	0	0	74	EMPTY	0	0	0	1302
org.springframework.oxm.AbstractUnmarshallerTests	EMPTY	0	0	0	86	EMPTY	0	0	0	1009
org.springframework.oxm.config.OxmNamespaceHandlerTests	OK	2	2	0	849	OK	2	2	0	3931
org.springframework.oxm.jaxb.Jaxb2MarshallerTests	OK	22	22	0	4450	OK	22	22	0	8651
org.springframework.oxm.jaxb.Jaxb2UnmarshallerTests	FAIL	12	0	12	652	FAIL	12	0	12	1051
org.springframework.oxm.xstream.XStreamMarshallerTests	OK	21	21	0	14185	OK	21	21	0	5082
org.springframework.oxm.xstream.XStreamUnmarshallerTests	OK	4	4	0	1015	OK	4	4	0	691
org.springframework.r2dbc.connection.init.AbstractDatabasePopulatorTests	EMPTY	0	0	0	76	EMPTY	0	0	0	1372
org.springframework.r2dbc.core.AbstractDatabaseClientIntegrationTests	EMPTY	0	0	0	14	EMPTY	0	0	0	978
org.springframework.r2dbc.core.AbstractTransactionalDatabaseClientIntegrationTests	EMPTY	0	0	0	10	EMPTY	0	0	0	2018
org.springframework.r2dbc.core.H2DatabaseClientContextIntegrationTests	FAIL	10	0	10	1074	OK	10	10	0	1052
org.springframework.resilience.RetryInterceptorTests	FAIL	21	20	1	3748	OK	21	21	0	2691
org.springframework.scheduling.annotation.AsyncExecutionTests	FAIL	18	16	2	11229	OK	18	18	0	160
org.springframework.scheduling.annotation.EnableAsyncTests	FAIL	18	17	1	14467	OK	18	18	0	888
org.springframework.scheduling.concurrent.AbstractSchedulingTaskExecutorTests	EMPTY	0	0	0	10	EMPTY	0	0	0	9
org.springframework.scheduling.concurrent.ConcurrentTaskExecutorTests	FAIL	18	16	2	4648	OK	18	18	0	2154
org.springframework.scheduling.concurrent.DecoratedThreadPoolTaskExecutorTests	FAIL	14	12	2	4667	OK	14	14	0	2127
org.springframework.scheduling.concurrent.ThreadPoolTaskExecutorTests	FAIL	23	19	4	4861	OK	23	23	0	2152
org.springframework.scheduling.concurrent.ThreadPoolTaskSchedulerTests	FAIL	40	38	2	6048	OK	40	40	0	2834
org.springframework.scheduling.quartz.CronTriggerFactoryBeanTests	OK	4	4	0	107	OK	4	4	0	68
org.springframework.scheduling.quartz.QuartzSchedulerLifecycleTests	OK	2	2	0	1629	OK	2	2	0	518
org.springframework.scheduling.quartz.QuartzSupportTests	FAIL	17	8	1	5071	OK	17	9	0	1939
org.springframework.scheduling.quartz.SchedulerFactoryBeanRuntimeHintsTests	OK	4	4	0	299	OK	4	4	0	70
org.springframework.scheduling.quartz.SimpleTriggerFactoryBeanTests	OK	4	4	0	92	OK	4	4	0	32
org.springframework.scheduling.support.CronTriggerTests	OK	114	114	0	5119	OK	114	114	0	521
org.springframework.scripting.bsh.BshScriptFactoryTests	FAIL	18	8	10	6800	FAIL	18	5	13	1323
org.springframework.scripting.config.ScriptingDefaultsTests	OK	6	6	0	10318	OK	6	6	0	671
org.springframework.scripting.groovy.GroovyAspectIntegrationTests	OK	4	4	0	7693	OK	4	4	0	1762
org.springframework.scripting.groovy.GroovyAspectTests	FAIL	4	3	1	5085	OK	4	4	0	1841
org.springframework.scripting.groovy.GroovyScriptEvaluatorTests	OK	8	8	0	5363	OK	8	8	0	1519
org.springframework.scripting.groovy.GroovyScriptFactoryTests	FAIL	38	28	10	53953	OK	38	38	0	5460
org.springframework.test.context.BootstrapUtilsTests	FAIL	23	22	1	766	OK	23	23	0	1480
org.springframework.test.context.aot.AbstractAotTests	EMPTY	0	0	0	26	EMPTY	0	0	0	1293
org.springframework.test.context.aot.AotIntegrationTests	FAIL	4	0	2	59847	OK	4	2	0	76084
org.springframework.test.context.aot.TestClassScannerTests	TIMEOUT	0	0	0	120000	OK	7	7	0	7698
org.springframework.test.context.aot.TestContextAotGeneratorIntegrationTests	FAIL	4	0	4	16952	OK	4	4	0	46707
org.springframework.test.context.aot.TestPropertySourceRuntimeHintsTests	OK	2	2	0	22217	OK	2	2	0	3129
org.springframework.test.context.aot.samples.basic.AbstractSpringJupiterParameterizedClassTests	EMPTY	0	0	0	44	EMPTY	0	0	0	99
org.springframework.test.context.aot.samples.jdbc.SqlScriptsSpringJupiterTests	FAIL	1	0	1	1497	OK	1	1	0	453
org.springframework.test.context.async.AsyncMethodsSpringTestContextIntegrationTests	EMPTY	0	0	0	54	EMPTY	0	0	0	11
org.springframework.test.context.bean.override.BeanOverrideHandlerTests	OK	19	19	0	25395	OK	19	19	0	2339
org.springframework.test.context.bean.override.convention.TestBeanByTypeLookupIntegrationTests	FAIL	4	1	3	523	OK	4	4	0	65
org.springframework.test.context.bean.override.mockito.AbstractMockitoBeanNestedAndTypeHierarchiesWithSuperclassPresentTwiceTests	EMPTY	0	0	0	149	EMPTY	0	0	0	22
org.springframework.test.context.bean.override.mockito.AbstractMockitoBeanWithInterfacePresentTwiceTests	EMPTY	0	0	0	301	EMPTY	0	0	0	58
org.springframework.test.context.bean.override.mockito.MockitoBeanByTypeLookupIntegrationTests	FAIL	5	3	2	6188	OK	5	5	0	421
org.springframework.test.context.bean.override.mockito.constructor.MockitoBeanByTypeLookupForConstructorParametersIntegrationTests	FAIL	6	4	2	5994	OK	6	6	0	201
org.springframework.test.context.bean.override.mockito.integration.AbstractMockitoBeanAndGenericsIntegrationTests	EMPTY	0	0	0	40	EMPTY	0	0	0	2
org.springframework.test.context.config.interfaces.SqlConfigInterfaceTests	FAIL	1	0	1	1285	OK	1	1	0	80
org.springframework.test.context.env.AbstractExplicitPropertiesFileTests	EMPTY	0	0	0	28	EMPTY	0	0	0	156
org.springframework.test.context.env.CustomEncodingTestPropertySourceTests	OK	2	2	0	531	OK	2	2	0	1676
org.springframework.test.context.env.ExplicitPropertiesFileTestPropertySourceTests	FAIL	13	6	7	4586	FAIL	13	6	7	1474
org.springframework.test.context.env.ResourcePatternExplicitPropertiesFileTests	OK	1	1	0	295	OK	1	1	0	975
org.springframework.test.context.env.repeatable.AbstractRepeatableTestPropertySourceTests	EMPTY	0	0	0	24	EMPTY	0	0	0	13
org.springframework.test.context.groovy.AbsolutePathGroovySpringContextTests	OK	6	6	0	9873	OK	6	6	0	2204
org.springframework.test.context.groovy.DefaultScriptDetectionGroovySpringContextTests	OK	1	1	0	9381	OK	1	1	0	1142
org.springframework.test.context.groovy.GroovySpringContextTests	OK	6	6	0	8361	OK	6	6	0	1160
org.springframework.test.context.groovy.MixedXmlAndGroovySpringContextTests	OK	1	1	0	7553	OK	1	1	0	3495
org.springframework.test.context.groovy.RelativePathGroovySpringContextTests	OK	6	6	0	11943	OK	6	6	0	97
org.springframework.test.context.jdbc.AbstractTransactionalTests	EMPTY	0	0	0	33	EMPTY	0	0	0	17
org.springframework.test.context.jdbc.AfterTestClassSqlScriptsTests	FAIL	4	0	4	1434	OK	4	4	0	130
org.springframework.test.context.jdbc.BeforeTestClassSqlScriptsTests	FAIL	6	0	1	1840	OK	6	6	0	90
org.springframework.test.context.jdbc.ComposedAnnotationSqlScriptsTests	FAIL	1	0	1	2544	OK	1	1	0	20
org.springframework.test.context.jdbc.CustomScriptSyntaxSqlScriptsTests	FAIL	1	0	1	2997	OK	1	1	0	42
org.springframework.test.context.jdbc.DataSourceOnlySqlScriptsTests	FAIL	2	0	2	2022	OK	2	2	0	1826
org.springframework.test.context.jdbc.DefaultScriptDetectionSqlScriptsTests	FAIL	2	0	2	2118	OK	2	2	0	88
org.springframework.test.context.jdbc.GlobalCustomScriptSyntaxSqlScriptsTests	FAIL	1	0	1	2692	OK	1	1	0	46
org.springframework.test.context.jdbc.InferredDataSourceSqlScriptsTests	FAIL	2	0	2	2147	OK	2	2	0	65
org.springframework.test.context.jdbc.InferredDataSourceTransactionalSqlScriptsTests	FAIL	2	0	2	3555	OK	2	2	0	58
org.springframework.test.context.jdbc.InfrastructureProxyTransactionalSqlScriptsTests	FAIL	1	0	1	911	OK	1	1	0	64
org.springframework.test.context.jdbc.IsolatedTransactionModeSqlScriptsTests	FAIL	1	0	1	1443	OK	1	1	0	36
org.springframework.test.context.jdbc.MetaAnnotationSqlScriptsTests	FAIL	2	0	2	152	OK	2	2	0	47
org.springframework.test.context.jdbc.MultipleDataSourcesAndTransactionManagersSqlScriptsTests	FAIL	2	0	2	1301	OK	2	2	0	44
org.springframework.test.context.jdbc.MultipleDataSourcesAndTransactionManagersTransactionalSqlScriptsTests	FAIL	2	0	2	1154	OK	2	2	0	39
org.springframework.test.context.jdbc.NonTransactionalSqlScriptsTests	FAIL	2	0	2	941	OK	2	2	0	1699
org.springframework.test.context.jdbc.PopulatedSchemaTransactionalSqlScriptsTests	FAIL	1	0	1	1022	OK	1	1	0	58
org.springframework.test.context.jdbc.PrimaryDataSourceTests	FAIL	1	0	1	919	OK	1	1	0	64
org.springframework.test.context.jdbc.PropertyPlaceholderSqlScriptsTests	FAIL	2	0	2	2715	OK	2	2	0	88
org.springframework.test.context.jdbc.RepeatableSqlAnnotationSqlScriptsChildTests	FAIL	2	0	2	1070	OK	2	2	0	52
org.springframework.test.context.jdbc.RepeatableSqlAnnotationSqlScriptsParentTests	FAIL	2	0	2	163	OK	2	2	0	42
org.springframework.test.context.jdbc.SqlScriptsTestExecutionListenerTests	OK	7	7	0	3480	OK	7	7	0	1183
org.springframework.test.context.jdbc.TransactionalAfterTestMethodSqlScriptsTests	FAIL	2	0	2	201	OK	2	2	0	49
org.springframework.test.context.jdbc.TransactionalInlinedStatementsSqlScriptsTests	FAIL	2	0	2	1218	OK	2	2	0	31
org.springframework.test.context.jdbc.TransactionalSqlScriptsTests	FAIL	4	0	4	355	OK	4	4	0	43
org.springframework.test.context.jdbc.merging.AbstractSqlMergeModeTests	EMPTY	0	0	0	47	EMPTY	0	0	0	25
org.springframework.test.context.jdbc.merging.ClassLevelMergeSqlMergeModeTests	FAIL	3	0	3	196	OK	3	3	0	35
org.springframework.test.context.jdbc.merging.ClassLevelOverrideSqlMergeModeTests	FAIL	3	0	3	188	OK	3	3	0	1737
org.springframework.test.context.junit.jupiter.FailingBeforeAndAfterMethodsSpringExtensionTests	FAIL	9	7	2	2066	OK	9	9	0	175
org.springframework.test.context.junit.jupiter.defaultmethods.GenericComicCharactersInterfaceDefaultMethodsTests	EMPTY	0	0	0	24	EMPTY	0	0	0	19
org.springframework.test.context.junit.jupiter.event.ParallelApplicationEventsIntegrationTests	FAIL	2	0	2	395	OK	2	2	0	589
org.springframework.test.context.junit.jupiter.generics.GenericComicCharactersTests	EMPTY	0	0	0	47	EMPTY	0	0	0	15
org.springframework.test.context.junit.jupiter.nested.SqlScriptNestedTests	FAIL	8	0	1	1266	OK	8	8	0	165
org.springframework.test.context.junit.jupiter.nested.TransactionalNestedTests	FAIL	8	0	8	2219	OK	8	8	0	176
org.springframework.test.context.junit.jupiter.parallel.ParallelExecutionSpringExtensionTests	TIMEOUT	0	0	0	120000	OK	10	10	0	15331
org.springframework.test.context.junit.jupiter.transaction.TimedTransactionalSpringExtensionTests	FAIL	1	0	1	1107	OK	1	1	0	74
org.springframework.test.context.junit.jupiter.transaction.TransactionLifecycleMethodParameterInjectionTests	FAIL	1	0	2	2852	OK	1	1	0	38
org.springframework.test.context.junit4.nested.NestedTestsWithSpringRulesTests	OK	2	2	0	502	OK	2	2	0	226
org.springframework.test.context.junit4.rules.ProgrammaticTxMgmtSpringRuleTests	FAIL	12	0	12	1610	OK	12	12	0	96
org.springframework.test.context.junit4.rules.TransactionalSqlScriptsSpringRuleTests	FAIL	2	0	2	793	OK	2	2	0	26
org.springframework.test.context.litemode.AbstractTransactionalAnnotatedConfigClassTests	EMPTY	0	0	0	53	EMPTY	0	0	0	12
org.springframework.test.context.litemode.TransactionalAnnotatedConfigClassWithAtConfigurationTests	FAIL	2	0	2	1302	OK	2	2	0	59
org.springframework.test.context.litemode.TransactionalAnnotatedConfigClassesWithoutAtConfigurationTests	FAIL	2	0	2	1186	OK	2	2	0	52
org.springframework.test.context.orm.hibernate.HibernateSessionFlushingTests	OK	6	6	0	19345	OK	6	6	0	3694
org.springframework.test.context.orm.jpa.JpaEntityListenerTests	FAIL	4	0	4	2148	OK	4	4	0	4943
org.springframework.test.context.orm.jpa.JpaPersonRepositoryTests	FAIL	2	0	2	2528	OK	2	2	0	3776
org.springframework.test.context.support.AbstractContextConfigurationUtilsTests	EMPTY	0	0	0	58	EMPTY	0	0	0	22
org.springframework.test.context.support.CommonCachesTestExecutionListenerIntegrationTests	OK	2	2	0	426	OK	2	2	0	105
org.springframework.test.context.support.TestPropertySourceUtilsTests	OK	29	29	0	31938	OK	29	29	0	1939
org.springframework.test.context.testng.AnnotationConfigTransactionalTestNGSpringContextTests	FAIL	2	0	1	2634	OK	2	2	0	1714
org.springframework.test.context.testng.TestNGConcurrencyTests	FAIL	1	0	1	1613	OK	1	1	0	164
org.springframework.test.context.testng.transaction.ejb.AbstractEjbTxDaoTestNGTests	EMPTY	0	0	0	80	EMPTY	0	0	0	45
org.springframework.test.context.testng.transaction.ejb.CommitForRequiredEjbTxDaoTestNGTests	OK	3	3	0	4164	OK	3	3	0	2910
org.springframework.test.context.testng.transaction.ejb.CommitForRequiresNewEjbTxDaoTestNGTests	OK	3	3	0	7816	OK	3	3	0	8119
org.springframework.test.context.testng.transaction.ejb.RollbackForRequiredEjbTxDaoTestNGTests	OK	3	3	0	5913	OK	3	3	0	8439
org.springframework.test.context.testng.transaction.ejb.RollbackForRequiresNewEjbTxDaoTestNGTests	OK	3	3	0	8493	OK	3	3	0	10325
org.springframework.test.context.testng.transaction.programmatic.ProgrammaticTxMgmtTestNGTests	FAIL	12	0	1	2889	OK	12	12	0	100
org.springframework.test.context.transaction.AbstractTransactionalSpringTests	EMPTY	0	0	0	28	EMPTY	0	0	0	1349
org.springframework.test.context.transaction.DefaultRollbackFalseRollbackAnnotationTransactionalTests	FAIL	1	0	1	1400	OK	1	1	0	48
org.springframework.test.context.transaction.DefaultRollbackTrueRollbackAnnotationTransactionalTests	FAIL	1	0	1	1464	OK	1	1	0	17
org.springframework.test.context.transaction.RollbackOverrideDefaultRollbackFalseTransactionalTests	FAIL	1	0	1	1857	OK	1	1	0	13
org.springframework.test.context.transaction.RollbackOverrideDefaultRollbackTrueTransactionalTests	FAIL	1	0	1	1159	OK	1	1	0	11
org.springframework.test.context.transaction.ejb.AbstractEjbTxDaoTests	EMPTY	0	0	0	28	EMPTY	0	0	0	28
org.springframework.test.context.transaction.ejb.CommitForRequiredEjbTxDaoTests	OK	3	3	0	4583	OK	3	3	0	514
org.springframework.test.context.transaction.ejb.CommitForRequiresNewEjbTxDaoTests	OK	3	3	0	4016	OK	3	3	0	606
org.springframework.test.context.transaction.ejb.RollbackForRequiredEjbTxDaoTests	OK	3	3	0	4163	OK	3	3	0	5187
org.springframework.test.context.transaction.ejb.RollbackForRequiresNewEjbTxDaoTests	OK	3	3	0	5616	OK	3	3	0	727
org.springframework.test.context.transaction.manager.PrimaryTransactionManagerTests	FAIL	1	0	1	1338	OK	1	1	0	128
org.springframework.test.context.transaction.programmatic.ProgrammaticTxMgmtTests	FAIL	12	0	12	1768	OK	12	12	0	56
org.springframework.test.context.web.AbstractBasicWacTests	EMPTY	0	0	0	24	EMPTY	0	0	0	10
org.springframework.test.context.web.BasicGroovyWacTests	OK	2	2	0	6762	OK	2	2	0	1850
org.springframework.test.context.web.WebAppConfigurationBootstrapWithTests	FAIL	1	0	1	341	FAIL	1	0	1	261
org.springframework.test.context.web.socket.WebSocketServletServerContainerFactoryBeanTests	OK	2	2	0	589	OK	2	2	0	366
org.springframework.test.web.client.response.DefaultResponseCreatorTests	OK	17	17	0	3752	OK	17	17	0	860
org.springframework.test.web.reactive.server.samples.JsonContentTests	OK	6	6	0	7013	OK	6	6	0	1629
org.springframework.test.web.servlet.assertj.AbstractMockHttpServletResponseAssertTests	OK	10	10	0	396	OK	10	10	0	100
org.springframework.test.web.servlet.assertj.MockMvcTesterIntegrationTests	FAIL	74	72	2	12538	OK	74	74	0	4051
org.springframework.test.web.servlet.client.samples.bind.FilterTests	OK	1	1	0	178	OK	1	1	0	382
org.springframework.test.web.servlet.htmlunit.AbstractWebRequestMatcherTests	EMPTY	0	0	0	32	EMPTY	0	0	0	8
org.springframework.test.web.servlet.htmlunit.MockWebResponseBuilderTests	OK	11	11	0	618	OK	11	11	0	431
org.springframework.test.web.servlet.result.JsonPathResultMatchersTests	OK	43	43	0	713	OK	43	43	0	398
org.springframework.test.web.servlet.result.PrintingResultHandlerTests	OK	17	17	0	981	OK	17	17	0	235
org.springframework.test.web.servlet.result.XpathResultMatchersTests	OK	17	17	0	860	OK	17	17	0	139
org.springframework.test.web.servlet.samples.client.context.WebAppResourceTests	FAIL	2	1	1	4604	FAIL	2	1	1	1374
org.springframework.test.web.servlet.samples.client.standalone.ViewResolutionTests	OK	5	5	0	1254	OK	5	5	0	1080
org.springframework.test.web.servlet.samples.context.WebAppResourceTests	FAIL	2	1	1	2825	FAIL	2	1	1	728
org.springframework.test.web.servlet.samples.standalone.ViewResolutionTests	OK	5	5	0	1059	OK	5	5	0	1075
org.springframework.transaction.annotation.AnnotationTransactionNamespaceHandlerTests	FAIL	5	4	1	2719	OK	5	5	0	1018
org.springframework.transaction.annotation.EnableTransactionManagementIntegrationTests	FAIL	9	4	5	7210	OK	9	9	0	1268
org.springframework.transaction.annotation.TransactionBeanRegistrationAotProcessorTests	OK	7	7	0	324	OK	7	7	0	2744
org.springframework.transaction.interceptor.AbstractCoroutinesTransactionAspectTests	EMPTY	0	0	0	15	EMPTY	0	0	0	1380
org.springframework.transaction.interceptor.AbstractReactiveTransactionAspectTests	EMPTY	0	0	0	15	EMPTY	0	0	0	1002
org.springframework.transaction.interceptor.AbstractTransactionAspectTests	EMPTY	0	0	0	11	EMPTY	0	0	0	1067
org.springframework.transaction.interceptor.BeanFactoryTransactionTests	FAIL	9	2	7	3323	OK	9	9	0	644
org.springframework.ui.freemarker.FreeMarkerConfigurationFactoryBeanTests	OK	4	4	0	521	OK	4	4	0	423
org.springframework.util.ClassUtilsTests	FAIL	106	104	2	1693	OK	106	106	0	52
org.springframework.util.CollectionUtilsTests	FAIL	32	30	2	478	OK	32	32	0	8
org.springframework.util.FileSystemUtilsTests	OK	2	2	0	49	OK	2	2	0	118
org.springframework.util.MimeTypeTests	OK	47	47	0	908	OK	47	47	0	181
org.springframework.util.StreamUtilsTests	FAIL	11	10	1	2006	OK	11	11	0	918
org.springframework.util.function.SingletonSupplierTests	OK	115	115	0	1771	OK	115	115	0	4979
org.springframework.util.xml.AbstractStaxHandlerTests	EMPTY	0	0	0	11	EMPTY	0	0	0	6
org.springframework.util.xml.AbstractStaxXMLReaderTests	EMPTY	0	0	0	10	EMPTY	0	0	0	11
org.springframework.validation.beanvalidation.BeanValidationBeanRegistrationAotProcessorKotlinTests	OK	2	2	0	528	OK	2	2	0	451
org.springframework.validation.beanvalidation.BeanValidationBeanRegistrationAotProcessorTests	OK	10	10	0	1240	OK	10	10	0	1134
org.springframework.validation.beanvalidation.MethodValidationAdapterTests	OK	8	8	0	2400	OK	8	8	0	1026
org.springframework.validation.beanvalidation.SpringValidatorAdapterTests	OK	11	11	0	5728	OK	11	11	0	1073
org.springframework.web.bind.annotation.ComponentScannedControllerAdviceTests	OK	1	1	0	309	OK	1	1	0	373
org.springframework.web.client.AbstractMockWebServerTests	EMPTY	0	0	0	21	EMPTY	0	0	0	19
org.springframework.web.client.RestClientIntegrationTests	FAIL	230	226	3	36198	OK	230	229	0	2221
org.springframework.web.client.RestClientVersionTests	OK	8	8	0	509	OK	8	8	0	1098
org.springframework.web.client.RestTemplateIntegrationTests	FAIL	125	119	3	22291	OK	125	122	0	3399
org.springframework.web.client.support.KotlinRestTemplateHttpServiceProxyTests	FAIL	11	8	3	5231	OK	11	11	0	182
org.springframework.web.client.support.RestClientProxyRegistryIntegrationTests	OK	5	5	0	3239	OK	5	5	0	2872
org.springframework.web.context.ContextLoaderTests	OK	18	18	0	6475	OK	18	18	0	5092
org.springframework.web.context.XmlWebApplicationContextTests	OK	42	42	0	20780	OK	42	42	0	3384
org.springframework.web.context.request.RequestScopeTests	FAIL	7	5	2	2075	OK	7	7	0	185
org.springframework.web.context.support.AnnotationConfigWebApplicationContextTests	OK	4	4	0	855	OK	4	4	0	322
org.springframework.web.context.support.HttpRequestHandlerTests	OK	1	1	0	226	OK	1	1	0	3585
org.springframework.web.context.support.Spr8510Tests	OK	7	7	0	191	OK	7	7	0	1112
org.springframework.web.filter.ContentCachingResponseWrapperTests	OK	16	16	0	410	OK	16	16	0	262
org.springframework.web.method.HandlerMethodTests	FAIL	9	7	2	286	OK	9	9	0	30
org.springframework.web.reactive.config.ViewResolverRegistryTests	OK	6	6	0	122	OK	6	6	0	4740
org.springframework.web.reactive.config.WebFluxConfigurationSupportTests	OK	8	8	0	8681	OK	8	8	0	8707
org.springframework.web.reactive.config.WebFluxViewResolutionIntegrationTests	OK	4	4	0	4168	OK	4	4	0	4892
org.springframework.web.reactive.function.client.WebClientIntegrationTests	FAIL	170	168	1	25637	OK	170	169	0	3102
org.springframework.web.reactive.function.client.WebClientUtilsTests	OK	13	13	0	283	OK	13	13	0	2271
org.springframework.web.reactive.function.client.support.WebClientProxyRegistryIntegrationTests	OK	4	4	0	4297	OK	4	4	0	3225
org.springframework.web.reactive.function.server.AbstractRouterFunctionIntegrationTests	EMPTY	0	0	0	14	EMPTY	0	0	0	45
org.springframework.web.reactive.function.server.InvalidHttpMethodIntegrationTests	OK	4	4	0	8453	OK	4	4	0	2903
org.springframework.web.reactive.resource.EncodedResourceResolverTests	OK	4	4	0	604	OK	4	4	0	1913
org.springframework.web.reactive.resource.ResourceTransformerSupportTests	OK	4	4	0	378	OK	4	4	0	117
org.springframework.web.reactive.resource.ResourceUrlProviderTests	OK	6	6	0	695	OK	6	6	0	454
org.springframework.web.reactive.resource.ResourceWebHandlerTests	FAIL	56	55	1	6039	FAIL	56	55	1	3575
org.springframework.web.reactive.result.method.annotation.AbstractRequestMappingIntegrationTests	EMPTY	0	0	0	14	EMPTY	0	0	0	34
org.springframework.web.reactive.result.method.annotation.CoroutinesIntegrationTests	OK	40	40	0	95515	OK	40	40	0	14084
org.springframework.web.reactive.result.method.annotation.CrossOriginAnnotationIntegrationTests	TIMEOUT	0	0	0	120000	OK	68	68	0	12187
org.springframework.web.reactive.result.method.annotation.GlobalCorsConfigIntegrationTests	OK	36	36	0	63584	OK	36	36	0	7811
org.springframework.web.reactive.result.method.annotation.JacksonHintsIntegrationTests	OK	36	36	0	78010	OK	36	36	0	16543
org.springframework.web.reactive.result.method.annotation.MessageReaderArgumentResolverTests	OK	18	18	0	13185	OK	18	18	0	653
org.springframework.web.reactive.result.method.annotation.MessageWriterResultHandlerTests	OK	8	8	0	960	OK	8	8	0	264
org.springframework.web.reactive.result.method.annotation.ProtobufIntegrationTests	OK	20	20	0	39007	OK	20	20	0	4531
org.springframework.web.reactive.result.method.annotation.RequestMappingDataBindingIntegrationTests	OK	8	8	0	15313	OK	8	8	0	1330
org.springframework.web.reactive.result.method.annotation.RequestMappingExceptionHandlingIntegrationTests	OK	26	26	0	63452	OK	26	26	0	7728
org.springframework.web.reactive.result.method.annotation.RequestMappingMessageConversionIntegrationTests	TIMEOUT	0	0	0	120000	OK	160	160	0	13110
org.springframework.web.reactive.result.method.annotation.RequestMappingViewResolutionIntegrationTests	OK	12	12	0	20104	OK	12	12	0	1777
org.springframework.web.reactive.result.view.FragmentViewResolutionResultHandlerTests	OK	6	6	0	58719	OK	6	6	0	6006
org.springframework.web.reactive.result.view.LocaleContextResolverIntegrationTests	OK	4	4	0	10858	OK	4	4	0	1066
org.springframework.web.reactive.result.view.ViewResolutionResultHandlerTests	OK	11	11	0	1676	OK	11	11	0	1164
org.springframework.web.reactive.result.view.freemarker.FreeMarkerConfigurerTests	OK	4	4	0	365	OK	4	4	0	27
org.springframework.web.reactive.result.view.freemarker.FreeMarkerMacroTests	OK	26	26	0	11867	OK	26	26	0	2379
org.springframework.web.reactive.result.view.freemarker.FreeMarkerViewTests	OK	7	7	0	889	OK	7	7	0	414
org.springframework.web.reactive.result.view.script.JRubyScriptTemplateTests	OK	1	1	0	42182	OK	1	1	0	4083
org.springframework.web.reactive.result.view.script.JythonScriptTemplateTests	OK	1	1	0	34395	OK	1	1	0	2897
org.springframework.web.reactive.socket.AbstractReactiveWebSocketIntegrationTests	EMPTY	0	0	0	13	EMPTY	0	0	0	11
org.springframework.web.server.session.WebSessionIntegrationTests	OK	20	20	0	10298	OK	20	20	0	6276
org.springframework.web.service.annotation.HttpExchangeBeanRegistrationAotProcessorTests	OK	2	2	0	227	OK	2	2	0	144
org.springframework.web.service.registry.GroupsMetadataValueDelegateTests	OK	8	8	0	115887	OK	8	8	0	8037
org.springframework.web.service.registry.HttpServiceProxyRegistrationAotProcessorTests	FAIL	5	3	2	704	OK	5	5	0	8340
org.springframework.web.service.registry.HttpServiceRegistrarTests	OK	8	8	0	249	OK	8	8	0	42
org.springframework.web.service.registry.ImportHttpServiceRegistrarTests	FAIL	5	3	2	695	OK	5	5	0	6821
org.springframework.web.servlet.DispatcherServletTests	OK	53	53	0	22278	OK	53	53	0	16857
org.springframework.web.servlet.config.MvcNamespaceTests	FAIL	25	24	1	10177	OK	25	25	0	3478
org.springframework.web.servlet.config.annotation.ViewResolutionIntegrationTests	FAIL	7	5	2	8451	OK	7	7	0	2560
org.springframework.web.servlet.config.annotation.ViewResolverRegistryTests	OK	17	17	0	428	OK	17	17	0	298
org.springframework.web.servlet.handler.HandlerMappingIntrospectorTests	OK	14	14	0	2475	OK	14	14	0	3219
org.springframework.web.servlet.handler.PathPatternsParameterizedTest	EMPTY	0	0	0	18	EMPTY	0	0	0	18
org.springframework.web.servlet.mvc.method.RequestMappingInfoHandlerMappingTests	FAIL	43	43	1	6240	OK	45	45	0	1092
org.springframework.web.servlet.mvc.method.annotation.AbstractRequestAttributesArgumentResolverTests	EMPTY	0	0	0	97	EMPTY	0	0	0	6
org.springframework.web.servlet.mvc.method.annotation.AbstractServletHandlerMethodTests	EMPTY	0	0	0	85	EMPTY	0	0	0	15
org.springframework.web.servlet.mvc.method.annotation.ExceptionHandlerExceptionResolverTests	OK	31	31	0	4909	OK	31	31	0	2566
org.springframework.web.servlet.mvc.method.annotation.FragmentRenderingStreamTests	OK	2	2	0	32344	OK	2	2	0	2663
org.springframework.web.servlet.mvc.method.annotation.ServletAnnotationControllerHandlerMethodTests	OK	241	241	0	78758	OK	241	241	0	3428
org.springframework.web.servlet.mvc.method.annotation.UriTemplateServletAnnotationControllerHandlerMethodTests	FAIL	38	36	2	12009	OK	38	38	0	852
org.springframework.web.servlet.tags.AbstractTagTests	EMPTY	0	0	0	11	EMPTY	0	0	0	10
org.springframework.web.servlet.tags.EvalTagTests	OK	11	11	0	3241	OK	11	11	0	1270
org.springframework.web.servlet.tags.form.AbstractFormTagTests	EMPTY	0	0	0	105	EMPTY	0	0	0	25
org.springframework.web.servlet.tags.form.AbstractHtmlElementTagTests	EMPTY	0	0	0	12	EMPTY	0	0	0	4
org.springframework.web.servlet.view.DefaultFragmentsRenderingTests	OK	1	1	0	35831	OK	1	1	0	3782
org.springframework.web.servlet.view.freemarker.FreeMarkerConfigurerTests	OK	3	3	0	615	OK	3	3	0	1361
org.springframework.web.servlet.view.freemarker.FreeMarkerMacroTests	OK	22	22	0	8179	OK	22	22	0	1506
org.springframework.web.servlet.view.freemarker.FreeMarkerViewTests	OK	10	10	0	1761	OK	10	10	0	763
org.springframework.web.servlet.view.groovy.GroovyMarkupConfigurerTests	FAIL	9	8	1	740	OK	9	9	0	212
org.springframework.web.servlet.view.groovy.GroovyMarkupViewTests	FAIL	10	4	6	1434	OK	10	10	0	8223
org.springframework.web.servlet.view.script.JRubyScriptTemplateTests	OK	1	1	0	45751	OK	1	1	0	15469
org.springframework.web.servlet.view.script.JythonScriptTemplateTests	OK	1	1	0	47918	OK	1	1	0	1705
org.springframework.web.servlet.view.xml.MarshallingViewTests	OK	11	11	0	364	OK	11	11	0	96
org.springframework.web.socket.AbstractHttpRequestTests	EMPTY	0	0	0	110	EMPTY	0	0	0	1124
org.springframework.web.socket.AbstractWebSocketIntegrationTests	EMPTY	0	0	0	90	EMPTY	0	0	0	1448
org.springframework.web.socket.TextMessageTests	OK	2	2	0	141	OK	2	2	0	1539
org.springframework.web.socket.WebSocketExtensionTests	OK	16	16	0	288	OK	16	16	0	580
org.springframework.web.socket.WebSocketHandshakeTests	OK	6	6	0	8287	OK	6	6	0	6506
org.springframework.web.socket.adapter.jetty.JettyWebSocketHandlerAdapterTests	OK	3	3	0	1914	OK	3	3	0	5522
org.springframework.web.socket.adapter.jetty.JettyWebSocketSessionTests	OK	4	4	0	1471	OK	4	4	0	1875
org.springframework.web.socket.adapter.standard.ConvertingEncoderDecoderSupportTests	OK	13	13	0	2256	OK	13	13	0	886
org.springframework.web.socket.adapter.standard.StandardWebSocketHandlerAdapterTests	OK	3	3	0	1602	OK	3	3	0	1181
org.springframework.web.socket.adapter.standard.StandardWebSocketSessionTests	OK	5	5	0	961	OK	5	5	0	570
org.springframework.web.socket.client.WebSocketConnectionManagerTests	OK	2	2	0	126	OK	2	2	0	30
org.springframework.web.socket.client.standard.StandardWebSocketClientTests	OK	8	8	0	692	OK	8	8	0	642
org.springframework.web.socket.config.HandlersBeanDefinitionParserTests	OK	4	4	0	1247	OK	4	4	0	584
org.springframework.web.socket.config.MessageBrokerBeanDefinitionParserTests	FAIL	8	7	1	5653	OK	8	8	0	5746
org.springframework.web.socket.config.WebSocketMessageBrokerStatsTests	OK	5	5	0	603	OK	5	5	0	139
org.springframework.web.socket.config.annotation.WebMvcStompEndpointRegistryTests	OK	3	3	0	1714	OK	3	3	0	337
org.springframework.web.socket.config.annotation.WebMvcStompWebSocketEndpointRegistrationTests	OK	10	10	0	1462	OK	10	10	0	327
org.springframework.web.socket.config.annotation.WebSocketConfigurationTests	OK	4	4	0	9083	OK	4	4	0	5306
org.springframework.web.socket.config.annotation.WebSocketHandlerRegistrationTests	OK	7	7	0	1021	OK	7	7	0	175
org.springframework.web.socket.config.annotation.WebSocketMessageBrokerConfigurationSupportTests	FAIL	12	11	1	8778	OK	12	12	0	1192
org.springframework.web.socket.handler.BeanCreatingHandlerProviderTests	OK	3	3	0	130	OK	3	3	0	68
org.springframework.web.socket.handler.ConcurrentWebSocketSessionDecoratorTests	OK	8	8	0	273	OK	8	8	0	327
org.springframework.web.socket.handler.ExceptionWebSocketHandlerDecoratorTests	OK	4	4	0	227	OK	4	4	0	82
org.springframework.web.socket.handler.PerConnectionWebSocketHandlerTests	OK	1	1	0	63	OK	1	1	0	22
org.springframework.web.socket.handler.WebSocketHandlerDecoratorTests	OK	1	1	0	34	OK	1	1	0	13
org.springframework.web.socket.handler.WebSocketHttpHeadersTests	OK	11	11	0	170	OK	11	11	0	68
org.springframework.web.socket.messaging.DefaultSimpUserRegistryTests	OK	5	5	0	92	OK	5	5	0	37
org.springframework.web.socket.messaging.OrderedMessageSendingIntegrationTests	OK	3	3	0	1115	OK	3	3	0	365
org.springframework.web.socket.messaging.StompSubProtocolErrorHandlerTests	OK	2	2	0	50	OK	2	2	0	45
org.springframework.web.socket.messaging.StompSubProtocolHandlerTests	OK	18	18	0	1452	OK	18	18	0	1134
org.springframework.web.socket.messaging.StompWebSocketIntegrationTests	FAIL	16	13	3	79141	OK	16	16	0	6913
org.springframework.web.socket.messaging.SubProtocolWebSocketHandlerTests	OK	9	9	0	729	OK	9	9	0	147
org.springframework.web.socket.messaging.WebSocketAnnotationMethodMessageHandlerTests	OK	1	1	0	256	OK	1	1	0	276
org.springframework.web.socket.messaging.WebSocketStompClientIntegrationTests	OK	2	2	0	4309	OK	2	2	0	2526
org.springframework.web.socket.messaging.WebSocketStompClientTests	OK	21	21	0	2080	OK	21	21	0	821
org.springframework.web.socket.server.DefaultHandshakeHandlerTests	OK	4	4	0	235	OK	4	4	0	79
org.springframework.web.socket.server.standard.ServerEndpointExporterTests	OK	6	6	0	1475	OK	6	6	0	338
org.springframework.web.socket.server.standard.ServerEndpointRegistrationTests	OK	2	2	0	161	OK	2	2	0	54
org.springframework.web.socket.server.standard.SpringConfiguratorTests	OK	3	3	0	417	OK	3	3	0	155
org.springframework.web.socket.server.support.HandshakeInterceptorChainTests	OK	3	3	0	597	OK	3	3	0	110
org.springframework.web.socket.server.support.HttpSessionHandshakeInterceptorTests	OK	5	5	0	116	OK	5	5	0	3470
org.springframework.web.socket.server.support.OriginHandshakeInterceptorTests	OK	10	10	0	456	OK	10	10	0	3443
org.springframework.web.socket.server.support.WebSocketHandlerMappingTests	OK	2	2	0	278	OK	2	2	0	2487
org.springframework.web.socket.server.support.WebSocketHttpRequestHandlerTests	OK	3	3	0	341	OK	3	3	0	1915
org.springframework.web.socket.sockjs.client.AbstractSockJsIntegrationTests	EMPTY	0	0	0	12	EMPTY	0	0	0	14
org.springframework.web.socket.sockjs.client.ClientSockJsSessionTests	OK	16	16	0	520	OK	16	16	0	640
org.springframework.web.socket.sockjs.client.DefaultTransportRequestTests	OK	3	3	0	4854	OK	3	3	0	1066
org.springframework.web.socket.sockjs.client.RestClientXhrTransportTests	OK	6	6	0	766	OK	6	6	0	384
org.springframework.web.socket.sockjs.client.RestTemplateXhrTransportTests	OK	6	6	0	1838	OK	6	6	0	937
org.springframework.web.socket.sockjs.client.SockJsClientTests	OK	8	8	0	6079	OK	8	8	0	861
org.springframework.web.socket.sockjs.client.SockJsUrlInfoTests	OK	14	14	0	277	OK	14	14	0	233
org.springframework.web.socket.sockjs.client.XhrTransportTests	OK	6	6	0	258	OK	6	6	0	74
org.springframework.web.socket.sockjs.frame.SockJsFrameTests	OK	6	6	0	85	OK	6	6	0	35
org.springframework.web.socket.sockjs.support.SockJsServiceTests	OK	13	13	0	2098	OK	13	13	0	560
org.springframework.web.socket.sockjs.transport.TransportTypeTests	OK	1	1	0	30	OK	1	1	0	14
org.springframework.web.socket.sockjs.transport.handler.DefaultSockJsServiceTests	OK	17	17	0	1777	OK	17	17	0	530
org.springframework.web.socket.sockjs.transport.handler.HttpReceivingTransportHandlerTests	OK	4	4	0	120	OK	4	4	0	66
org.springframework.web.socket.sockjs.transport.handler.HttpSendingTransportHandlerTests	OK	5	5	0	703	OK	5	5	0	205
org.springframework.web.socket.sockjs.transport.handler.SockJsWebSocketHandlerTests	OK	2	2	0	238	OK	2	2	0	105
org.springframework.web.socket.sockjs.transport.session.AbstractSockJsSessionTests	EMPTY	0	0	0	8	EMPTY	0	0	0	6
org.springframework.web.socket.sockjs.transport.session.HttpSockJsSessionTests	OK	2	2	0	841	OK	2	2	0	115
org.springframework.web.socket.sockjs.transport.session.SockJsSessionTests	OK	19	19	0	1261	OK	19	19	0	258
org.springframework.web.socket.sockjs.transport.session.WebSocketServerSockJsSessionTests	OK	8	8	0	172	OK	8	8	0	92
org.springframework.web.util.UriComponentsBuilderTests	OK	106	106	0	3163	OK	106	106	0	571
