org.springframework.aop.aspectj.ThisAndTargetSelectionOnlyPointcutsTests	FAIL
org.springframework.aop.aspectj.annotation.AbstractAspectJAdvisorFactoryTests	EMPTY
org.springframework.aop.framework.AbstractAopProxyTests	EMPTY
org.springframework.aop.framework.AbstractProxyExceptionHandlingTests	EMPTY
org.springframework.aop.framework.adapter.ThrowsAdviceInterceptorTests	FAIL
org.springframework.aop.framework.autoproxy.BeanNameAutoProxyCreatorTests	FAIL
org.springframework.aop.support.MethodMatchersTests	LOADERR
org.springframework.aop.target.LazyCreationTargetSourceTests	FAIL
org.springframework.beans.AbstractPropertyAccessorTests	EMPTY
org.springframework.beans.ConcurrentBeanWrapperTests	FAIL
org.springframework.beans.PropertyDescriptorUtilsPropertyResolutionTests	FAIL
org.springframework.beans.factory.DefaultListableBeanFactoryTests	FAIL
org.springframework.beans.factory.FactoryBeanLookupTests	FAIL
org.springframework.beans.factory.annotation.AutowiredAnnotationBeanRegistrationAotContributionTests	FAIL
org.springframework.beans.factory.aot.BeanDefinitionMethodGeneratorTests	TIMEOUT
org.springframework.beans.factory.aot.BeanDefinitionPropertiesCodeGeneratorTests	TIMEOUT
org.springframework.beans.factory.aot.BeanDefinitionPropertyValueCodeGeneratorDelegatesTests	TIMEOUT
org.springframework.beans.factory.aot.BeanRegistrationsAotContributionTests	TIMEOUT
org.springframework.beans.factory.aot.InstanceSupplierCodeGeneratorTests	TIMEOUT
org.springframework.beans.factory.xml.XmlBeanCollectionTests	FAIL
org.springframework.beans.factory.xml.XmlBeanFactoryTests	FAIL
org.springframework.cache.jcache.AbstractJCacheTests	EMPTY
org.springframework.cache.jcache.interceptor.AbstractCacheOperationTests	EMPTY
org.springframework.cache.transaction.AbstractTransactionSupportingCacheManagerTests	EMPTY
org.springframework.context.annotation.AbstractCircularImportDetectionTests	EMPTY
org.springframework.context.annotation.AnnotationConfigApplicationContextTests	FAIL
org.springframework.context.annotation.CommonAnnotationBeanPostProcessorTests	FAIL
org.springframework.context.annotation.ComponentScanParserBeanDefinitionDefaultsTests	TIMEOUT
org.springframework.context.annotation.ConfigurationClassEnhancerTests	FAIL
org.springframework.context.annotation.ConfigurationClassPostConstructAndAutowiringTests	FAIL
org.springframework.context.annotation.ConfigurationClassPostProcessorTests	FAIL
org.springframework.context.annotation.SimpleScanTests	FAIL
org.springframework.context.annotation.Spr15275Tests	FAIL
org.springframework.context.annotation.Spr6602Tests	FAIL
org.springframework.context.aot.ApplicationContextAotGeneratorTests	TIMEOUT
org.springframework.context.event.AbstractApplicationEventListenerTests	EMPTY
org.springframework.context.groovy.GroovyBeanDefinitionReaderTests	FAIL
org.springframework.context.index.processor.CandidateComponentsIndexerTests	FAIL
org.springframework.core.AbstractReflectionParameterNameDiscovererKotlinTests	EMPTY
org.springframework.core.BridgeMethodResolverTests	FAIL
org.springframework.core.GenericTypeResolverTests	FAIL
org.springframework.core.ResolvableTypeTests	FAIL
org.springframework.core.annotation.AnnotatedElementUtilsTests	FAIL
org.springframework.core.annotation.MergedAnnotationsTests	FAIL
org.springframework.core.annotation.MultipleComposedAnnotationsOnSingleAnnotatedElementTests	FAIL
org.springframework.core.annotation.NestedRepeatableAnnotationsTests	FAIL
org.springframework.core.io.PathResourceTests	FAIL
org.springframework.core.io.ResourceTests	FAIL
org.springframework.core.io.buffer.DataBufferTests	TIMEOUT
org.springframework.core.io.support.PathMatchingResourcePatternResolverTests	FAIL
org.springframework.core.io.support.SpringFactoriesLoaderTests	FAIL
org.springframework.core.retry.RetryPolicyTests	FAIL
org.springframework.core.test.tools.SourceFileTests	FAIL
org.springframework.core.type.AbstractAnnotationMetadataTests	EMPTY
org.springframework.core.type.AbstractClassMetadataMemberClassTests	EMPTY
org.springframework.core.type.AbstractMethodMetadataTests	EMPTY
org.springframework.expression.spel.AbstractExpressionTests	EMPTY
org.springframework.expression.spel.MethodInvocationTests	FAIL
org.springframework.expression.spel.SpelCompilationCoverageTests	FAIL
org.springframework.format.datetime.standard.DateTimeFormattingTests	FAIL
org.springframework.format.datetime.standard.InstantFormatterTests	FAIL
org.springframework.http.ContentDispositionTests	FAIL
org.springframework.http.client.AbstractHttpRequestFactoryTests	EMPTY
org.springframework.http.client.AbstractMockWebServerTests	EMPTY
org.springframework.http.client.SimpleClientHttpRequestFactoryTests	FAIL
org.springframework.http.codec.cbor.JacksonCborDecoderTests	FAIL
org.springframework.http.converter.StringHttpMessageConverterTests	FAIL
org.springframework.http.converter.json.GsonHttpMessageConverterTests	FAIL
org.springframework.http.converter.json.JacksonJsonHttpMessageConverterTests	FAIL
org.springframework.http.converter.json.JsonbHttpMessageConverterTests	FAIL
org.springframework.http.converter.json.KotlinSerializationJsonHttpMessageConverterTests	FAIL
org.springframework.http.converter.json.MappingJackson2HttpMessageConverterTests	FAIL
org.springframework.jdbc.core.AbstractRowMapperTests	EMPTY
org.springframework.jdbc.core.namedparam.BeanPropertySqlParameterSourceTests	FAIL
org.springframework.jdbc.core.namedparam.MapSqlParameterSourceTests	FAIL
org.springframework.jdbc.datasource.init.AbstractDatabaseInitializationTests	EMPTY
org.springframework.jdbc.datasource.init.AbstractDatabasePopulatorTests	EMPTY
org.springframework.jms.annotation.AbstractJmsAnnotationDrivenTests	EMPTY
org.springframework.jms.core.JmsTemplateTransactedTests	FAIL
org.springframework.jmx.AbstractJmxTests	EMPTY
org.springframework.jmx.AbstractMBeanServerTests	EMPTY
org.springframework.jmx.access.MBeanClientInterceptorTests	FAIL
org.springframework.jmx.access.RemoteMBeanClientInterceptorTests	FAIL
org.springframework.jmx.export.CustomEditorConfigurerTests	FAIL
org.springframework.jmx.export.LazyInitMBeanTests	FAIL
org.springframework.jmx.export.MBeanExporterOperationsTests	FAIL
org.springframework.jmx.export.MBeanExporterTests	FAIL
org.springframework.jmx.export.NotificationListenerTests	FAIL
org.springframework.jmx.export.NotificationPublisherTests	FAIL
org.springframework.jmx.export.PropertyPlaceholderConfigurerTests	FAIL
org.springframework.jmx.export.annotation.AnnotationLazyInitMBeanTests	FAIL
org.springframework.jmx.export.annotation.AnnotationMetadataAssemblerTests	FAIL
org.springframework.jmx.export.annotation.EnableMBeanExportConfigurationTests	FAIL
org.springframework.jmx.export.assembler.AbstractJmxAssemblerTests	EMPTY
org.springframework.jmx.export.assembler.AbstractMetadataAssemblerTests	EMPTY
org.springframework.jmx.export.assembler.InterfaceBasedMBeanInfoAssemblerCustomTests	FAIL
org.springframework.jmx.export.assembler.InterfaceBasedMBeanInfoAssemblerMappedTests	FAIL
org.springframework.jmx.export.assembler.InterfaceBasedMBeanInfoAssemblerTests	FAIL
org.springframework.jmx.export.assembler.MethodExclusionMBeanInfoAssemblerComboTests	FAIL
org.springframework.jmx.export.assembler.MethodExclusionMBeanInfoAssemblerMappedTests	FAIL
org.springframework.jmx.export.assembler.MethodExclusionMBeanInfoAssemblerNotMappedTests	FAIL
org.springframework.jmx.export.assembler.MethodExclusionMBeanInfoAssemblerTests	FAIL
org.springframework.jmx.export.assembler.MethodNameBasedMBeanInfoAssemblerMappedTests	FAIL
org.springframework.jmx.export.assembler.MethodNameBasedMBeanInfoAssemblerTests	FAIL
org.springframework.jmx.export.assembler.ReflectiveAssemblerTests	FAIL
org.springframework.jmx.export.naming.AbstractNamingStrategyTests	EMPTY
org.springframework.jmx.export.naming.IdentityNamingStrategyTests	FAIL
org.springframework.jmx.export.naming.MetadataNamingStrategyTests	FAIL
org.springframework.jmx.support.JmxUtilsTests	FAIL
org.springframework.jmx.support.MBeanServerFactoryBeanTests	FAIL
org.springframework.jndi.JndiObjectFactoryBeanTests	FAIL
org.springframework.messaging.simp.stomp.AbstractStompBrokerRelayIntegrationTests	EMPTY
org.springframework.messaging.simp.stomp.ReactorNettyStompBrokerRelayIntegrationTests	FAIL
org.springframework.messaging.simp.stomp.ReactorNettyTcpStompClientTests	FAIL
org.springframework.orm.jpa.AbstractContainerEntityManagerFactoryIntegrationTests	EMPTY
org.springframework.orm.jpa.AbstractEntityManagerFactoryBeanTests	EMPTY
org.springframework.orm.jpa.AbstractEntityManagerFactoryIntegrationTests	EMPTY
org.springframework.orm.jpa.support.PersistenceAnnotationBeanPostProcessorAotContributionTests	TIMEOUT
org.springframework.orm.jpa.support.PersistenceInjectionTests	FAIL
org.springframework.oxm.AbstractMarshallerTests	EMPTY
org.springframework.oxm.AbstractUnmarshallerTests	EMPTY
org.springframework.oxm.jaxb.Jaxb2UnmarshallerTests	FAIL
org.springframework.r2dbc.connection.init.AbstractDatabasePopulatorTests	EMPTY
org.springframework.r2dbc.core.AbstractDatabaseClientIntegrationTests	EMPTY
org.springframework.r2dbc.core.AbstractTransactionalDatabaseClientIntegrationTests	EMPTY
org.springframework.r2dbc.core.H2DatabaseClientContextIntegrationTests	FAIL
org.springframework.resilience.RetryInterceptorTests	FAIL
org.springframework.scheduling.annotation.AsyncExecutionTests	FAIL
org.springframework.scheduling.annotation.EnableAsyncTests	FAIL
org.springframework.scheduling.concurrent.AbstractSchedulingTaskExecutorTests	EMPTY
org.springframework.scheduling.concurrent.ConcurrentTaskExecutorTests	FAIL
org.springframework.scheduling.concurrent.DecoratedThreadPoolTaskExecutorTests	FAIL
org.springframework.scheduling.concurrent.ThreadPoolTaskExecutorTests	FAIL
org.springframework.scheduling.concurrent.ThreadPoolTaskSchedulerTests	FAIL
org.springframework.scheduling.quartz.QuartzSupportTests	FAIL
org.springframework.scripting.bsh.BshScriptFactoryTests	FAIL
org.springframework.scripting.groovy.GroovyAspectTests	FAIL
org.springframework.scripting.groovy.GroovyScriptFactoryTests	FAIL
org.springframework.test.context.BootstrapUtilsTests	FAIL
org.springframework.test.context.aot.AbstractAotTests	EMPTY
org.springframework.test.context.aot.AotIntegrationTests	FAIL
org.springframework.test.context.aot.TestClassScannerTests	TIMEOUT
org.springframework.test.context.aot.TestContextAotGeneratorIntegrationTests	FAIL
org.springframework.test.context.aot.samples.basic.AbstractSpringJupiterParameterizedClassTests	EMPTY
org.springframework.test.context.aot.samples.jdbc.SqlScriptsSpringJupiterTests	FAIL
org.springframework.test.context.async.AsyncMethodsSpringTestContextIntegrationTests	EMPTY
org.springframework.test.context.bean.override.convention.TestBeanByTypeLookupIntegrationTests	FAIL
org.springframework.test.context.bean.override.mockito.AbstractMockitoBeanNestedAndTypeHierarchiesWithSuperclassPresentTwiceTests	EMPTY
org.springframework.test.context.bean.override.mockito.AbstractMockitoBeanWithInterfacePresentTwiceTests	EMPTY
org.springframework.test.context.bean.override.mockito.MockitoBeanByTypeLookupIntegrationTests	FAIL
org.springframework.test.context.bean.override.mockito.constructor.MockitoBeanByTypeLookupForConstructorParametersIntegrationTests	FAIL
org.springframework.test.context.bean.override.mockito.integration.AbstractMockitoBeanAndGenericsIntegrationTests	EMPTY
org.springframework.test.context.config.interfaces.SqlConfigInterfaceTests	FAIL
org.springframework.test.context.env.AbstractExplicitPropertiesFileTests	EMPTY
org.springframework.test.context.env.ExplicitPropertiesFileTestPropertySourceTests	FAIL
org.springframework.test.context.env.repeatable.AbstractRepeatableTestPropertySourceTests	EMPTY
org.springframework.test.context.jdbc.AbstractTransactionalTests	EMPTY
org.springframework.test.context.jdbc.AfterTestClassSqlScriptsTests	FAIL
org.springframework.test.context.jdbc.BeforeTestClassSqlScriptsTests	FAIL
org.springframework.test.context.jdbc.ComposedAnnotationSqlScriptsTests	FAIL
org.springframework.test.context.jdbc.CustomScriptSyntaxSqlScriptsTests	FAIL
org.springframework.test.context.jdbc.DataSourceOnlySqlScriptsTests	FAIL
org.springframework.test.context.jdbc.DefaultScriptDetectionSqlScriptsTests	FAIL
org.springframework.test.context.jdbc.GlobalCustomScriptSyntaxSqlScriptsTests	FAIL
org.springframework.test.context.jdbc.InferredDataSourceSqlScriptsTests	FAIL
org.springframework.test.context.jdbc.InferredDataSourceTransactionalSqlScriptsTests	FAIL
org.springframework.test.context.jdbc.InfrastructureProxyTransactionalSqlScriptsTests	FAIL
org.springframework.test.context.jdbc.IsolatedTransactionModeSqlScriptsTests	FAIL
org.springframework.test.context.jdbc.MetaAnnotationSqlScriptsTests	FAIL
org.springframework.test.context.jdbc.MultipleDataSourcesAndTransactionManagersSqlScriptsTests	FAIL
org.springframework.test.context.jdbc.MultipleDataSourcesAndTransactionManagersTransactionalSqlScriptsTests	FAIL
org.springframework.test.context.jdbc.NonTransactionalSqlScriptsTests	FAIL
org.springframework.test.context.jdbc.PopulatedSchemaTransactionalSqlScriptsTests	FAIL
org.springframework.test.context.jdbc.PrimaryDataSourceTests	FAIL
org.springframework.test.context.jdbc.PropertyPlaceholderSqlScriptsTests	FAIL
org.springframework.test.context.jdbc.RepeatableSqlAnnotationSqlScriptsChildTests	FAIL
org.springframework.test.context.jdbc.RepeatableSqlAnnotationSqlScriptsParentTests	FAIL
org.springframework.test.context.jdbc.TransactionalAfterTestMethodSqlScriptsTests	FAIL
org.springframework.test.context.jdbc.TransactionalInlinedStatementsSqlScriptsTests	FAIL
org.springframework.test.context.jdbc.TransactionalSqlScriptsTests	FAIL
org.springframework.test.context.jdbc.merging.AbstractSqlMergeModeTests	EMPTY
org.springframework.test.context.jdbc.merging.ClassLevelMergeSqlMergeModeTests	FAIL
org.springframework.test.context.jdbc.merging.ClassLevelOverrideSqlMergeModeTests	FAIL
org.springframework.test.context.junit.jupiter.FailingBeforeAndAfterMethodsSpringExtensionTests	FAIL
org.springframework.test.context.junit.jupiter.defaultmethods.GenericComicCharactersInterfaceDefaultMethodsTests	EMPTY
org.springframework.test.context.junit.jupiter.event.ParallelApplicationEventsIntegrationTests	FAIL
org.springframework.test.context.junit.jupiter.generics.GenericComicCharactersTests	EMPTY
org.springframework.test.context.junit.jupiter.nested.SqlScriptNestedTests	FAIL
org.springframework.test.context.junit.jupiter.nested.TransactionalNestedTests	FAIL
org.springframework.test.context.junit.jupiter.parallel.ParallelExecutionSpringExtensionTests	TIMEOUT
org.springframework.test.context.junit.jupiter.transaction.TimedTransactionalSpringExtensionTests	FAIL
org.springframework.test.context.junit.jupiter.transaction.TransactionLifecycleMethodParameterInjectionTests	FAIL
org.springframework.test.context.junit4.rules.ProgrammaticTxMgmtSpringRuleTests	FAIL
org.springframework.test.context.junit4.rules.TransactionalSqlScriptsSpringRuleTests	FAIL
org.springframework.test.context.litemode.AbstractTransactionalAnnotatedConfigClassTests	EMPTY
org.springframework.test.context.litemode.TransactionalAnnotatedConfigClassWithAtConfigurationTests	FAIL
org.springframework.test.context.litemode.TransactionalAnnotatedConfigClassesWithoutAtConfigurationTests	FAIL
org.springframework.test.context.orm.jpa.JpaEntityListenerTests	FAIL
org.springframework.test.context.orm.jpa.JpaPersonRepositoryTests	FAIL
org.springframework.test.context.support.AbstractContextConfigurationUtilsTests	EMPTY
org.springframework.test.context.testng.AnnotationConfigTransactionalTestNGSpringContextTests	FAIL
org.springframework.test.context.testng.TestNGConcurrencyTests	FAIL
org.springframework.test.context.testng.transaction.ejb.AbstractEjbTxDaoTestNGTests	EMPTY
org.springframework.test.context.testng.transaction.programmatic.ProgrammaticTxMgmtTestNGTests	FAIL
org.springframework.test.context.transaction.AbstractTransactionalSpringTests	EMPTY
org.springframework.test.context.transaction.DefaultRollbackFalseRollbackAnnotationTransactionalTests	FAIL
org.springframework.test.context.transaction.DefaultRollbackTrueRollbackAnnotationTransactionalTests	FAIL
org.springframework.test.context.transaction.RollbackOverrideDefaultRollbackFalseTransactionalTests	FAIL
org.springframework.test.context.transaction.RollbackOverrideDefaultRollbackTrueTransactionalTests	FAIL
org.springframework.test.context.transaction.ejb.AbstractEjbTxDaoTests	EMPTY
org.springframework.test.context.transaction.manager.PrimaryTransactionManagerTests	FAIL
org.springframework.test.context.transaction.programmatic.ProgrammaticTxMgmtTests	FAIL
org.springframework.test.context.web.AbstractBasicWacTests	EMPTY
org.springframework.test.context.web.WebAppConfigurationBootstrapWithTests	FAIL
org.springframework.test.web.servlet.assertj.MockMvcTesterIntegrationTests	FAIL
org.springframework.test.web.servlet.htmlunit.AbstractWebRequestMatcherTests	EMPTY
org.springframework.test.web.servlet.samples.client.context.WebAppResourceTests	FAIL
org.springframework.test.web.servlet.samples.context.WebAppResourceTests	FAIL
org.springframework.transaction.annotation.AnnotationTransactionNamespaceHandlerTests	FAIL
org.springframework.transaction.annotation.EnableTransactionManagementIntegrationTests	FAIL
org.springframework.transaction.interceptor.AbstractCoroutinesTransactionAspectTests	EMPTY
org.springframework.transaction.interceptor.AbstractReactiveTransactionAspectTests	EMPTY
org.springframework.transaction.interceptor.AbstractTransactionAspectTests	EMPTY
org.springframework.transaction.interceptor.BeanFactoryTransactionTests	FAIL
org.springframework.util.ClassUtilsTests	FAIL
org.springframework.util.CollectionUtilsTests	FAIL
org.springframework.util.StreamUtilsTests	FAIL
org.springframework.util.xml.AbstractStaxHandlerTests	EMPTY
org.springframework.util.xml.AbstractStaxXMLReaderTests	EMPTY
org.springframework.web.client.AbstractMockWebServerTests	EMPTY
org.springframework.web.client.RestClientIntegrationTests	FAIL
org.springframework.web.client.RestTemplateIntegrationTests	FAIL
org.springframework.web.client.support.KotlinRestTemplateHttpServiceProxyTests	FAIL
org.springframework.web.context.request.RequestScopeTests	FAIL
org.springframework.web.method.HandlerMethodTests	FAIL
org.springframework.web.reactive.function.client.WebClientIntegrationTests	FAIL
org.springframework.web.reactive.function.server.AbstractRouterFunctionIntegrationTests	EMPTY
org.springframework.web.reactive.resource.ResourceWebHandlerTests	FAIL
org.springframework.web.reactive.result.method.annotation.AbstractRequestMappingIntegrationTests	EMPTY
org.springframework.web.reactive.result.method.annotation.CrossOriginAnnotationIntegrationTests	TIMEOUT
org.springframework.web.reactive.result.method.annotation.RequestMappingMessageConversionIntegrationTests	TIMEOUT
org.springframework.web.reactive.socket.AbstractReactiveWebSocketIntegrationTests	EMPTY
org.springframework.web.service.registry.HttpServiceProxyRegistrationAotProcessorTests	FAIL
org.springframework.web.service.registry.ImportHttpServiceRegistrarTests	FAIL
org.springframework.web.servlet.config.MvcNamespaceTests	FAIL
org.springframework.web.servlet.config.annotation.ViewResolutionIntegrationTests	FAIL
org.springframework.web.servlet.handler.PathPatternsParameterizedTest	EMPTY
org.springframework.web.servlet.mvc.method.RequestMappingInfoHandlerMappingTests	FAIL
org.springframework.web.servlet.mvc.method.annotation.AbstractRequestAttributesArgumentResolverTests	EMPTY
org.springframework.web.servlet.mvc.method.annotation.AbstractServletHandlerMethodTests	EMPTY
org.springframework.web.servlet.mvc.method.annotation.UriTemplateServletAnnotationControllerHandlerMethodTests	FAIL
org.springframework.web.servlet.tags.AbstractTagTests	EMPTY
org.springframework.web.servlet.tags.form.AbstractFormTagTests	EMPTY
org.springframework.web.servlet.tags.form.AbstractHtmlElementTagTests	EMPTY
org.springframework.web.servlet.view.groovy.GroovyMarkupConfigurerTests	FAIL
org.springframework.web.servlet.view.groovy.GroovyMarkupViewTests	FAIL
org.springframework.web.socket.AbstractHttpRequestTests	EMPTY
org.springframework.web.socket.AbstractWebSocketIntegrationTests	EMPTY
org.springframework.web.socket.config.MessageBrokerBeanDefinitionParserTests	FAIL
org.springframework.web.socket.config.annotation.WebSocketMessageBrokerConfigurationSupportTests	FAIL
org.springframework.web.socket.messaging.StompWebSocketIntegrationTests	FAIL
org.springframework.web.socket.sockjs.client.AbstractSockJsIntegrationTests	EMPTY
org.springframework.web.socket.sockjs.transport.session.AbstractSockJsSessionTests	EMPTY
