org.springframework.aop.aspectj.ThisAndTargetSelectionOnlyPointcutsTests	FAIL	7	0	7	1219
org.springframework.aop.framework.adapter.ThrowsAdviceInterceptorTests	FAIL	6	5	1	595
org.springframework.aop.framework.autoproxy.BeanNameAutoProxyCreatorTests	FAIL	9	8	1	4216
org.springframework.aop.support.MethodMatchersTests	LOADERR	0	0	0	4538
org.springframework.aop.target.LazyCreationTargetSourceTests	FAIL	1	0	1	98
org.springframework.beans.ConcurrentBeanWrapperTests	FAIL	101	100	1	5296
org.springframework.beans.PropertyDescriptorUtilsPropertyResolutionTests	FAIL	42	33	9	27870
org.springframework.beans.factory.DefaultListableBeanFactoryTests	FAIL	186	182	4	10697
org.springframework.beans.factory.FactoryBeanLookupTests	FAIL	5	3	2	875
org.springframework.beans.factory.annotation.AutowiredAnnotationBeanRegistrationAotContributionTests	FAIL	14	13	1	93871
org.springframework.beans.factory.aot.BeanDefinitionMethodGeneratorTests	TIMEOUT	0	0	0	120000
org.springframework.beans.factory.aot.BeanDefinitionPropertiesCodeGeneratorTests	TIMEOUT	0	0	0	120000
org.springframework.beans.factory.aot.BeanDefinitionPropertyValueCodeGeneratorDelegatesTests	TIMEOUT	0	0	0	120000
org.springframework.beans.factory.aot.BeanRegistrationsAotContributionTests	TIMEOUT	0	0	0	120000
org.springframework.beans.factory.aot.InstanceSupplierCodeGeneratorTests	TIMEOUT	0	0	0	120000
org.springframework.beans.factory.xml.XmlBeanCollectionTests	FAIL	34	31	3	17750
org.springframework.beans.factory.xml.XmlBeanFactoryTests	FAIL	95	85	10	19957
org.springframework.context.annotation.AnnotationConfigApplicationContextTests	FAIL	36	35	1	3550
org.springframework.context.annotation.CommonAnnotationBeanPostProcessorTests	FAIL	21	20	1	962
org.springframework.context.annotation.ComponentScanParserBeanDefinitionDefaultsTests	TIMEOUT	0	0	0	120000
org.springframework.context.annotation.ConfigurationClassPostConstructAndAutowiringTests	FAIL	2	1	1	485
org.springframework.context.annotation.ConfigurationClassPostProcessorTests	FAIL	85	82	3	8141
org.springframework.context.annotation.SimpleScanTests	FAIL	1	0	1	101
org.springframework.context.annotation.Spr15275Tests	FAIL	6	4	2	892
org.springframework.context.annotation.Spr6602Tests	FAIL	2	1	1	1113
org.springframework.context.aot.ApplicationContextAotGeneratorTests	TIMEOUT	0	0	0	120000
org.springframework.context.groovy.GroovyBeanDefinitionReaderTests	FAIL	36	35	1	86233
org.springframework.core.BridgeMethodResolverTests	FAIL	29	26	3	552
org.springframework.core.GenericTypeResolverTests	FAIL	25	24	1	369
org.springframework.core.ResolvableTypeTests	FAIL	162	161	1	5853
org.springframework.core.annotation.AnnotatedElementUtilsTests	FAIL	82	81	1	1610
org.springframework.core.annotation.MergedAnnotationsTests	FAIL	178	177	1	4168
org.springframework.core.annotation.MultipleComposedAnnotationsOnSingleAnnotatedElementTests	FAIL	19	17	1	313
org.springframework.core.annotation.NestedRepeatableAnnotationsTests	FAIL	12	2	10	508
org.springframework.core.io.ResourceTests	FAIL	68	66	2	2707
org.springframework.core.io.buffer.DataBufferTests	TIMEOUT	0	0	0	120000
org.springframework.core.retry.RetryPolicyTests	FAIL	23	22	1	900
org.springframework.expression.spel.MethodInvocationTests	FAIL	23	21	2	1243
org.springframework.expression.spel.SpelCompilationCoverageTests	FAIL	162	161	1	16253
org.springframework.format.datetime.standard.DateTimeFormattingTests	FAIL	61	58	3	4275
org.springframework.format.datetime.standard.InstantFormatterTests	FAIL	40	30	10	1893
org.springframework.http.ContentDispositionTests	FAIL	34	33	1	755
org.springframework.http.client.SimpleClientHttpRequestFactoryTests	FAIL	10	6	4	3658
org.springframework.http.codec.cbor.JacksonCborDecoderTests	FAIL	3	0	1	127
org.springframework.http.converter.StringHttpMessageConverterTests	FAIL	13	12	1	245
org.springframework.http.converter.json.GsonHttpMessageConverterTests	FAIL	14	13	1	308
org.springframework.http.converter.json.JacksonJsonHttpMessageConverterTests	FAIL	34	33	1	1638
org.springframework.http.converter.json.JsonbHttpMessageConverterTests	FAIL	14	13	1	525
org.springframework.http.converter.json.KotlinSerializationJsonHttpMessageConverterTests	FAIL	25	24	1	1916
org.springframework.http.converter.json.MappingJackson2HttpMessageConverterTests	FAIL	32	31	1	2608
org.springframework.jdbc.core.namedparam.BeanPropertySqlParameterSourceTests	FAIL	10	7	3	284
org.springframework.jdbc.core.namedparam.MapSqlParameterSourceTests	FAIL	6	3	3	139
org.springframework.jms.core.JmsTemplateTransactedTests	FAIL	52	51	1	3616
org.springframework.jmx.access.MBeanClientInterceptorTests	FAIL	14	4	10	3583
org.springframework.jmx.access.RemoteMBeanClientInterceptorTests	FAIL	14	2	12	8062
org.springframework.jmx.export.CustomEditorConfigurerTests	FAIL	2	1	1	502
org.springframework.jmx.export.LazyInitMBeanTests	FAIL	1	0	1	491
org.springframework.jmx.export.MBeanExporterOperationsTests	FAIL	6	3	3	315
org.springframework.jmx.export.MBeanExporterTests	FAIL	38	33	5	3291
org.springframework.jmx.export.NotificationListenerTests	FAIL	13	1	12	800
org.springframework.jmx.export.NotificationPublisherTests	FAIL	4	3	1	1237
org.springframework.jmx.export.PropertyPlaceholderConfigurerTests	FAIL	2	1	1	334
org.springframework.jmx.export.annotation.AnnotationLazyInitMBeanTests	FAIL	3	0	3	3425
org.springframework.jmx.export.annotation.AnnotationMetadataAssemblerTests	FAIL	31	21	10	16776
org.springframework.jmx.export.annotation.EnableMBeanExportConfigurationTests	FAIL	8	2	6	4030
org.springframework.jmx.export.assembler.InterfaceBasedMBeanInfoAssemblerCustomTests	FAIL	13	7	6	3652
org.springframework.jmx.export.assembler.InterfaceBasedMBeanInfoAssemblerMappedTests	FAIL	17	11	6	2927
org.springframework.jmx.export.assembler.InterfaceBasedMBeanInfoAssemblerTests	FAIL	12	6	6	4354
org.springframework.jmx.export.assembler.MethodExclusionMBeanInfoAssemblerComboTests	FAIL	14	8	6	2108
org.springframework.jmx.export.assembler.MethodExclusionMBeanInfoAssemblerMappedTests	FAIL	14	8	6	3456
org.springframework.jmx.export.assembler.MethodExclusionMBeanInfoAssemblerNotMappedTests	FAIL	14	8	6	3519
org.springframework.jmx.export.assembler.MethodExclusionMBeanInfoAssemblerTests	FAIL	14	8	6	4301
org.springframework.jmx.export.assembler.MethodNameBasedMBeanInfoAssemblerMappedTests	FAIL	15	9	6	4472
org.springframework.jmx.export.assembler.MethodNameBasedMBeanInfoAssemblerTests	FAIL	14	8	6	3119
org.springframework.jmx.export.assembler.ReflectiveAssemblerTests	FAIL	12	6	6	1796
org.springframework.jmx.export.naming.IdentityNamingStrategyTests	FAIL	1	0	1	40
org.springframework.jmx.export.naming.MetadataNamingStrategyTests	FAIL	6	0	6	131
org.springframework.jmx.support.JmxUtilsTests	FAIL	12	11	1	192
org.springframework.jmx.support.MBeanServerFactoryBeanTests	FAIL	7	5	2	146
org.springframework.jndi.JndiObjectFactoryBeanTests	FAIL	25	24	1	1366
org.springframework.messaging.simp.stomp.ReactorNettyStompBrokerRelayIntegrationTests	FAIL	7	0	7	622
org.springframework.messaging.simp.stomp.ReactorNettyTcpStompClientTests	FAIL	1	0	1	216
org.springframework.orm.jpa.support.PersistenceAnnotationBeanPostProcessorAotContributionTests	TIMEOUT	0	0	0	120000
org.springframework.orm.jpa.support.PersistenceInjectionTests	FAIL	27	26	1	2706
org.springframework.r2dbc.core.H2DatabaseClientContextIntegrationTests	FAIL	10	0	10	1074
org.springframework.resilience.RetryInterceptorTests	FAIL	21	20	1	3748
org.springframework.scheduling.annotation.AsyncExecutionTests	FAIL	18	16	2	11229
org.springframework.scheduling.annotation.EnableAsyncTests	FAIL	18	17	1	14467
org.springframework.scheduling.concurrent.ConcurrentTaskExecutorTests	FAIL	18	16	2	4648
org.springframework.scheduling.concurrent.DecoratedThreadPoolTaskExecutorTests	FAIL	14	12	2	4667
org.springframework.scheduling.concurrent.ThreadPoolTaskExecutorTests	FAIL	23	19	4	4861
org.springframework.scheduling.concurrent.ThreadPoolTaskSchedulerTests	FAIL	40	38	2	6048
org.springframework.scheduling.quartz.QuartzSupportTests	FAIL	17	8	1	5071
org.springframework.scripting.groovy.GroovyAspectTests	FAIL	4	3	1	5085
org.springframework.scripting.groovy.GroovyScriptFactoryTests	FAIL	38	28	10	53953
org.springframework.test.context.BootstrapUtilsTests	FAIL	23	22	1	766
org.springframework.test.context.aot.AotIntegrationTests	FAIL	4	0	2	59847
org.springframework.test.context.aot.TestClassScannerTests	TIMEOUT	0	0	0	120000
org.springframework.test.context.aot.TestContextAotGeneratorIntegrationTests	FAIL	4	0	4	16952
org.springframework.test.context.aot.samples.jdbc.SqlScriptsSpringJupiterTests	FAIL	1	0	1	1497
org.springframework.test.context.bean.override.convention.TestBeanByTypeLookupIntegrationTests	FAIL	4	1	3	523
org.springframework.test.context.bean.override.mockito.MockitoBeanByTypeLookupIntegrationTests	FAIL	5	3	2	6188
org.springframework.test.context.bean.override.mockito.constructor.MockitoBeanByTypeLookupForConstructorParametersIntegrationTests	FAIL	6	4	2	5994
org.springframework.test.context.config.interfaces.SqlConfigInterfaceTests	FAIL	1	0	1	1285
org.springframework.test.context.jdbc.AfterTestClassSqlScriptsTests	FAIL	4	0	4	1434
org.springframework.test.context.jdbc.BeforeTestClassSqlScriptsTests	FAIL	6	0	1	1840
org.springframework.test.context.jdbc.ComposedAnnotationSqlScriptsTests	FAIL	1	0	1	2544
org.springframework.test.context.jdbc.CustomScriptSyntaxSqlScriptsTests	FAIL	1	0	1	2997
org.springframework.test.context.jdbc.DataSourceOnlySqlScriptsTests	FAIL	2	0	2	2022
org.springframework.test.context.jdbc.DefaultScriptDetectionSqlScriptsTests	FAIL	2	0	2	2118
org.springframework.test.context.jdbc.GlobalCustomScriptSyntaxSqlScriptsTests	FAIL	1	0	1	2692
org.springframework.test.context.jdbc.InferredDataSourceSqlScriptsTests	FAIL	2	0	2	2147
org.springframework.test.context.jdbc.InferredDataSourceTransactionalSqlScriptsTests	FAIL	2	0	2	3555
org.springframework.test.context.jdbc.InfrastructureProxyTransactionalSqlScriptsTests	FAIL	1	0	1	911
org.springframework.test.context.jdbc.IsolatedTransactionModeSqlScriptsTests	FAIL	1	0	1	1443
org.springframework.test.context.jdbc.MetaAnnotationSqlScriptsTests	FAIL	2	0	2	152
org.springframework.test.context.jdbc.MultipleDataSourcesAndTransactionManagersSqlScriptsTests	FAIL	2	0	2	1301
org.springframework.test.context.jdbc.MultipleDataSourcesAndTransactionManagersTransactionalSqlScriptsTests	FAIL	2	0	2	1154
org.springframework.test.context.jdbc.NonTransactionalSqlScriptsTests	FAIL	2	0	2	941
org.springframework.test.context.jdbc.PopulatedSchemaTransactionalSqlScriptsTests	FAIL	1	0	1	1022
org.springframework.test.context.jdbc.PrimaryDataSourceTests	FAIL	1	0	1	919
org.springframework.test.context.jdbc.PropertyPlaceholderSqlScriptsTests	FAIL	2	0	2	2715
org.springframework.test.context.jdbc.RepeatableSqlAnnotationSqlScriptsChildTests	FAIL	2	0	2	1070
org.springframework.test.context.jdbc.RepeatableSqlAnnotationSqlScriptsParentTests	FAIL	2	0	2	163
org.springframework.test.context.jdbc.TransactionalAfterTestMethodSqlScriptsTests	FAIL	2	0	2	201
org.springframework.test.context.jdbc.TransactionalInlinedStatementsSqlScriptsTests	FAIL	2	0	2	1218
org.springframework.test.context.jdbc.TransactionalSqlScriptsTests	FAIL	4	0	4	355
org.springframework.test.context.jdbc.merging.ClassLevelMergeSqlMergeModeTests	FAIL	3	0	3	196
org.springframework.test.context.jdbc.merging.ClassLevelOverrideSqlMergeModeTests	FAIL	3	0	3	188
org.springframework.test.context.junit.jupiter.FailingBeforeAndAfterMethodsSpringExtensionTests	FAIL	9	7	2	2066
org.springframework.test.context.junit.jupiter.event.ParallelApplicationEventsIntegrationTests	FAIL	2	0	2	395
org.springframework.test.context.junit.jupiter.nested.SqlScriptNestedTests	FAIL	8	0	1	1266
org.springframework.test.context.junit.jupiter.nested.TransactionalNestedTests	FAIL	8	0	8	2219
org.springframework.test.context.junit.jupiter.parallel.ParallelExecutionSpringExtensionTests	TIMEOUT	0	0	0	120000
org.springframework.test.context.junit.jupiter.transaction.TimedTransactionalSpringExtensionTests	FAIL	1	0	1	1107
org.springframework.test.context.junit.jupiter.transaction.TransactionLifecycleMethodParameterInjectionTests	FAIL	1	0	2	2852
org.springframework.test.context.junit4.rules.ProgrammaticTxMgmtSpringRuleTests	FAIL	12	0	12	1610
org.springframework.test.context.junit4.rules.TransactionalSqlScriptsSpringRuleTests	FAIL	2	0	2	793
org.springframework.test.context.litemode.TransactionalAnnotatedConfigClassWithAtConfigurationTests	FAIL	2	0	2	1302
org.springframework.test.context.litemode.TransactionalAnnotatedConfigClassesWithoutAtConfigurationTests	FAIL	2	0	2	1186
org.springframework.test.context.orm.jpa.JpaEntityListenerTests	FAIL	4	0	4	2148
org.springframework.test.context.orm.jpa.JpaPersonRepositoryTests	FAIL	2	0	2	2528
org.springframework.test.context.testng.AnnotationConfigTransactionalTestNGSpringContextTests	FAIL	2	0	1	2634
org.springframework.test.context.testng.TestNGConcurrencyTests	FAIL	1	0	1	1613
org.springframework.test.context.testng.transaction.programmatic.ProgrammaticTxMgmtTestNGTests	FAIL	12	0	1	2889
org.springframework.test.context.transaction.DefaultRollbackFalseRollbackAnnotationTransactionalTests	FAIL	1	0	1	1400
org.springframework.test.context.transaction.DefaultRollbackTrueRollbackAnnotationTransactionalTests	FAIL	1	0	1	1464
org.springframework.test.context.transaction.RollbackOverrideDefaultRollbackFalseTransactionalTests	FAIL	1	0	1	1857
org.springframework.test.context.transaction.RollbackOverrideDefaultRollbackTrueTransactionalTests	FAIL	1	0	1	1159
org.springframework.test.context.transaction.manager.PrimaryTransactionManagerTests	FAIL	1	0	1	1338
org.springframework.test.context.transaction.programmatic.ProgrammaticTxMgmtTests	FAIL	12	0	12	1768
org.springframework.test.web.servlet.assertj.MockMvcTesterIntegrationTests	FAIL	74	72	2	12538
org.springframework.transaction.annotation.AnnotationTransactionNamespaceHandlerTests	FAIL	5	4	1	2719
org.springframework.transaction.annotation.EnableTransactionManagementIntegrationTests	FAIL	9	4	5	7210
org.springframework.transaction.interceptor.BeanFactoryTransactionTests	FAIL	9	2	7	3323
org.springframework.util.ClassUtilsTests	FAIL	106	104	2	1693
org.springframework.util.CollectionUtilsTests	FAIL	32	30	2	478
org.springframework.util.StreamUtilsTests	FAIL	11	10	1	2006
org.springframework.web.client.RestClientIntegrationTests	FAIL	230	226	3	36198
org.springframework.web.client.RestTemplateIntegrationTests	FAIL	125	119	3	22291
org.springframework.web.client.support.KotlinRestTemplateHttpServiceProxyTests	FAIL	11	8	3	5231
org.springframework.web.context.request.RequestScopeTests	FAIL	7	5	2	2075
org.springframework.web.method.HandlerMethodTests	FAIL	9	7	2	286
org.springframework.web.reactive.function.client.WebClientIntegrationTests	FAIL	170	168	1	25637
org.springframework.web.reactive.result.method.annotation.CrossOriginAnnotationIntegrationTests	TIMEOUT	0	0	0	120000
org.springframework.web.reactive.result.method.annotation.RequestMappingMessageConversionIntegrationTests	TIMEOUT	0	0	0	120000
org.springframework.web.service.registry.HttpServiceProxyRegistrationAotProcessorTests	FAIL	5	3	2	704
org.springframework.web.service.registry.ImportHttpServiceRegistrarTests	FAIL	5	3	2	695
org.springframework.web.servlet.config.MvcNamespaceTests	FAIL	25	24	1	10177
org.springframework.web.servlet.config.annotation.ViewResolutionIntegrationTests	FAIL	7	5	2	8451
org.springframework.web.servlet.mvc.method.RequestMappingInfoHandlerMappingTests	FAIL	43	43	1	6240
org.springframework.web.servlet.mvc.method.annotation.UriTemplateServletAnnotationControllerHandlerMethodTests	FAIL	38	36	2	12009
org.springframework.web.servlet.view.groovy.GroovyMarkupConfigurerTests	FAIL	9	8	1	740
org.springframework.web.servlet.view.groovy.GroovyMarkupViewTests	FAIL	10	4	6	1434
org.springframework.web.socket.config.MessageBrokerBeanDefinitionParserTests	FAIL	8	7	1	5653
org.springframework.web.socket.config.annotation.WebSocketMessageBrokerConfigurationSupportTests	FAIL	12	11	1	8778
org.springframework.web.socket.messaging.StompWebSocketIntegrationTests	FAIL	16	13	3	79141
