org.springframework.transaction.annotation.EnableTransactionManagementIntegrationTests	OK	9	9	0	1268
org.springframework.aop.framework.adapter.ThrowsAdviceInterceptorTests	OK	6	6	0	927
org.springframework.aop.support.MethodMatchersTests	OK	14	14	0	139
org.springframework.aop.target.LazyCreationTargetSourceTests	OK	1	1	0	59
org.springframework.beans.ConcurrentBeanWrapperTests	OK	101	101	0	725
org.springframework.beans.factory.FactoryBeanLookupTests	OK	5	5	0	106
org.springframework.beans.factory.xml.XmlBeanCollectionTests	OK	34	34	0	319
org.springframework.aop.aspectj.ThisAndTargetSelectionOnlyPointcutsTests	OK	7	7	0	917
org.springframework.aop.framework.autoproxy.BeanNameAutoProxyCreatorTests	OK	9	9	0	184
org.springframework.context.annotation.CommonAnnotationBeanPostProcessorTests	OK	21	21	0	87
org.springframework.format.datetime.standard.DateTimeFormattingTests	OK	61	61	0	190
org.springframework.format.datetime.standard.InstantFormatterTests	OK	40	40	0	33
org.springframework.jmx.access.MBeanClientInterceptorTests	OK	14	14	0	424
org.springframework.jmx.access.RemoteMBeanClientInterceptorTests	OK	14	14	0	1173
org.springframework.jmx.export.CustomEditorConfigurerTests	OK	2	2	0	21
org.springframework.jmx.export.LazyInitMBeanTests	OK	1	1	0	13
org.springframework.jmx.export.MBeanExporterOperationsTests	OK	6	6	0	6
org.springframework.jmx.export.MBeanExporterTests	OK	38	38	0	843
org.springframework.jmx.export.NotificationListenerTests	OK	13	13	0	19
org.springframework.jmx.export.NotificationPublisherTests	OK	4	4	0	51
org.springframework.jmx.export.PropertyPlaceholderConfigurerTests	OK	2	2	0	28
org.springframework.jmx.export.annotation.AnnotationMetadataAssemblerTests	OK	31	31	0	350
org.springframework.jmx.export.assembler.InterfaceBasedMBeanInfoAssemblerCustomTests	OK	13	13	0	87
org.springframework.jmx.export.assembler.InterfaceBasedMBeanInfoAssemblerMappedTests	OK	17	17	0	87
org.springframework.jmx.export.assembler.InterfaceBasedMBeanInfoAssemblerTests	OK	12	12	0	60
org.springframework.jmx.export.assembler.MethodExclusionMBeanInfoAssemblerComboTests	OK	14	14	0	60
org.springframework.jmx.export.assembler.MethodExclusionMBeanInfoAssemblerMappedTests	OK	14	14	0	56
org.springframework.jmx.export.assembler.MethodExclusionMBeanInfoAssemblerNotMappedTests	OK	14	14	0	812
org.springframework.jmx.export.assembler.MethodExclusionMBeanInfoAssemblerTests	OK	14	14	0	79
org.springframework.jmx.export.assembler.MethodNameBasedMBeanInfoAssemblerMappedTests	OK	15	15	0	88
org.springframework.jmx.export.assembler.MethodNameBasedMBeanInfoAssemblerTests	OK	14	14	0	70
org.springframework.jmx.export.assembler.ReflectiveAssemblerTests	OK	12	12	0	57
org.springframework.jmx.export.naming.IdentityNamingStrategyTests	OK	1	1	0	3
org.springframework.jmx.export.naming.MetadataNamingStrategyTests	OK	6	6	0	10
org.springframework.jmx.support.JmxUtilsTests	OK	12	12	0	62
org.springframework.jmx.support.MBeanServerFactoryBeanTests	OK	7	7	0	7
org.springframework.jndi.JndiObjectFactoryBeanTests	OK	25	25	0	469
org.springframework.resilience.RetryInterceptorTests	OK	21	21	0	2691
org.springframework.scheduling.annotation.AsyncExecutionTests	OK	18	18	0	160
org.springframework.scheduling.annotation.EnableAsyncTests	OK	18	18	0	888
org.springframework.scheduling.concurrent.ConcurrentTaskExecutorTests	OK	18	18	0	2154
org.springframework.scheduling.concurrent.DecoratedThreadPoolTaskExecutorTests	OK	14	14	0	2127
org.springframework.scheduling.concurrent.ThreadPoolTaskExecutorTests	OK	23	23	0	2152
org.springframework.scheduling.concurrent.ThreadPoolTaskSchedulerTests	OK	40	40	0	2834
org.springframework.core.BridgeMethodResolverTests	OK	29	29	0	401
org.springframework.core.ResolvableTypeTests	OK	162	162	0	638
org.springframework.core.annotation.AnnotatedElementUtilsTests	OK	82	82	0	108
org.springframework.core.annotation.MultipleComposedAnnotationsOnSingleAnnotatedElementTests	OK	19	18	0	18
org.springframework.core.annotation.NestedRepeatableAnnotationsTests	OK	12	12	0	12
org.springframework.core.io.ResourceTests	OK	68	68	0	275
org.springframework.core.io.buffer.DataBufferTests	OK	294	294	0	427
org.springframework.core.retry.RetryPolicyTests	OK	23	23	0	69
org.springframework.util.ClassUtilsTests	OK	106	106	0	52
org.springframework.util.CollectionUtilsTests	OK	32	32	0	8
org.springframework.util.StreamUtilsTests	OK	11	11	0	918
org.springframework.jdbc.core.namedparam.BeanPropertySqlParameterSourceTests	OK	10	10	0	531
org.springframework.jdbc.core.namedparam.MapSqlParameterSourceTests	OK	6	6	0	14
org.springframework.messaging.simp.stomp.ReactorNettyStompBrokerRelayIntegrationTests	OK	7	7	0	22452
org.springframework.messaging.simp.stomp.ReactorNettyTcpStompClientTests	OK	1	1	0	530
org.springframework.r2dbc.core.H2DatabaseClientContextIntegrationTests	OK	10	10	0	1052
org.springframework.test.context.BootstrapUtilsTests	OK	23	23	0	1480
org.springframework.test.context.aot.samples.jdbc.SqlScriptsSpringJupiterTests	OK	1	1	0	453
org.springframework.test.context.bean.override.convention.TestBeanByTypeLookupIntegrationTests	OK	4	4	0	65
org.springframework.test.context.bean.override.mockito.MockitoBeanByTypeLookupIntegrationTests	OK	5	5	0	421
org.springframework.test.context.bean.override.mockito.constructor.MockitoBeanByTypeLookupForConstructorParametersIntegrationTests	OK	6	6	0	201
org.springframework.test.context.config.interfaces.SqlConfigInterfaceTests	OK	1	1	0	80
org.springframework.test.context.jdbc.AfterTestClassSqlScriptsTests	OK	4	4	0	130
org.springframework.test.context.jdbc.BeforeTestClassSqlScriptsTests	OK	6	6	0	90
org.springframework.test.context.jdbc.ComposedAnnotationSqlScriptsTests	OK	1	1	0	20
org.springframework.test.context.jdbc.CustomScriptSyntaxSqlScriptsTests	OK	1	1	0	42
org.springframework.test.context.jdbc.DataSourceOnlySqlScriptsTests	OK	2	2	0	1826
org.springframework.test.context.jdbc.DefaultScriptDetectionSqlScriptsTests	OK	2	2	0	88
org.springframework.test.context.jdbc.GlobalCustomScriptSyntaxSqlScriptsTests	OK	1	1	0	46
org.springframework.test.context.jdbc.InferredDataSourceSqlScriptsTests	OK	2	2	0	65
org.springframework.test.context.jdbc.InferredDataSourceTransactionalSqlScriptsTests	OK	2	2	0	58
org.springframework.test.context.jdbc.InfrastructureProxyTransactionalSqlScriptsTests	OK	1	1	0	64
org.springframework.test.context.jdbc.IsolatedTransactionModeSqlScriptsTests	OK	1	1	0	36
org.springframework.test.context.jdbc.MetaAnnotationSqlScriptsTests	OK	2	2	0	47
org.springframework.test.context.jdbc.MultipleDataSourcesAndTransactionManagersSqlScriptsTests	OK	2	2	0	44
org.springframework.test.context.jdbc.MultipleDataSourcesAndTransactionManagersTransactionalSqlScriptsTests	OK	2	2	0	39
org.springframework.test.context.jdbc.NonTransactionalSqlScriptsTests	OK	2	2	0	1699
org.springframework.test.context.jdbc.PopulatedSchemaTransactionalSqlScriptsTests	OK	1	1	0	58
org.springframework.test.context.jdbc.PrimaryDataSourceTests	OK	1	1	0	64
org.springframework.test.context.jdbc.PropertyPlaceholderSqlScriptsTests	OK	2	2	0	88
org.springframework.test.context.jdbc.RepeatableSqlAnnotationSqlScriptsChildTests	OK	2	2	0	52
org.springframework.test.context.jdbc.RepeatableSqlAnnotationSqlScriptsParentTests	OK	2	2	0	42
org.springframework.test.context.jdbc.TransactionalAfterTestMethodSqlScriptsTests	OK	2	2	0	49
org.springframework.test.context.jdbc.TransactionalInlinedStatementsSqlScriptsTests	OK	2	2	0	31
org.springframework.test.context.jdbc.TransactionalSqlScriptsTests	OK	4	4	0	43
org.springframework.test.context.jdbc.merging.ClassLevelMergeSqlMergeModeTests	OK	3	3	0	35
org.springframework.test.context.jdbc.merging.ClassLevelOverrideSqlMergeModeTests	OK	3	3	0	1737
org.springframework.test.context.junit.jupiter.FailingBeforeAndAfterMethodsSpringExtensionTests	OK	9	9	0	175
org.springframework.test.context.junit.jupiter.nested.SqlScriptNestedTests	OK	8	8	0	165
org.springframework.test.context.junit.jupiter.nested.TransactionalNestedTests	OK	8	8	0	176
org.springframework.test.context.junit.jupiter.transaction.TimedTransactionalSpringExtensionTests	OK	1	1	0	74
org.springframework.test.context.junit.jupiter.transaction.TransactionLifecycleMethodParameterInjectionTests	OK	1	1	0	38
org.springframework.test.context.junit4.rules.ProgrammaticTxMgmtSpringRuleTests	OK	12	12	0	96
org.springframework.test.context.junit4.rules.TransactionalSqlScriptsSpringRuleTests	OK	2	2	0	26
org.springframework.test.context.litemode.TransactionalAnnotatedConfigClassWithAtConfigurationTests	OK	2	2	0	59
org.springframework.test.context.litemode.TransactionalAnnotatedConfigClassesWithoutAtConfigurationTests	OK	2	2	0	52
org.springframework.test.context.testng.AnnotationConfigTransactionalTestNGSpringContextTests	OK	2	2	0	1714
org.springframework.test.context.testng.TestNGConcurrencyTests	OK	1	1	0	164
org.springframework.test.context.testng.transaction.programmatic.ProgrammaticTxMgmtTestNGTests	OK	12	12	0	100
org.springframework.test.context.transaction.DefaultRollbackFalseRollbackAnnotationTransactionalTests	OK	1	1	0	48
org.springframework.test.context.transaction.DefaultRollbackTrueRollbackAnnotationTransactionalTests	OK	1	1	0	17
org.springframework.test.context.transaction.RollbackOverrideDefaultRollbackFalseTransactionalTests	OK	1	1	0	13
org.springframework.test.context.transaction.RollbackOverrideDefaultRollbackTrueTransactionalTests	OK	1	1	0	11
org.springframework.test.context.transaction.manager.PrimaryTransactionManagerTests	OK	1	1	0	128
org.springframework.test.context.transaction.programmatic.ProgrammaticTxMgmtTests	OK	12	12	0	56
org.springframework.transaction.annotation.AnnotationTransactionNamespaceHandlerTests	OK	5	5	0	1018
org.springframework.transaction.interceptor.BeanFactoryTransactionTests	OK	9	9	0	644
org.springframework.http.ContentDispositionTests	OK	34	34	0	452
org.springframework.http.client.SimpleClientHttpRequestFactoryTests	OK	10	10	0	716
org.springframework.http.codec.cbor.JacksonCborDecoderTests	OK	3	3	0	603
org.springframework.http.converter.StringHttpMessageConverterTests	OK	13	13	0	22
org.springframework.http.converter.json.GsonHttpMessageConverterTests	OK	14	14	0	48
org.springframework.http.converter.json.JacksonJsonHttpMessageConverterTests	OK	34	34	0	430
org.springframework.http.converter.json.JsonbHttpMessageConverterTests	OK	14	14	0	118
org.springframework.http.converter.json.KotlinSerializationJsonHttpMessageConverterTests	OK	25	25	0	117
org.springframework.http.converter.json.MappingJackson2HttpMessageConverterTests	OK	32	32	0	192
org.springframework.web.client.RestClientIntegrationTests	OK	230	229	0	2221
org.springframework.web.client.RestTemplateIntegrationTests	OK	125	122	0	3399
org.springframework.web.client.support.KotlinRestTemplateHttpServiceProxyTests	OK	11	11	0	182
org.springframework.web.context.request.RequestScopeTests	OK	7	7	0	185
org.springframework.web.method.HandlerMethodTests	OK	9	9	0	30
org.springframework.web.reactive.function.client.WebClientIntegrationTests	OK	170	169	0	3102
org.springframework.web.servlet.mvc.method.RequestMappingInfoHandlerMappingTests	OK	45	45	0	1092
org.springframework.web.servlet.mvc.method.annotation.UriTemplateServletAnnotationControllerHandlerMethodTests	OK	38	38	0	852
org.springframework.web.servlet.view.groovy.GroovyMarkupConfigurerTests	OK	9	9	0	212
