org.springframework.aop.aspectj.ThisAndTargetSelectionOnlyPointcutsTests	OK	7	7	0	917
org.springframework.aop.aspectj.annotation.AbstractAspectJAdvisorFactoryTests	EMPTY	0	0	0	922
org.springframework.aop.aspectj.annotation.AspectJAdvisorBeanRegistrationAotProcessorTests	OK	2	2	0	2381
org.springframework.aop.aspectj.annotation.AspectJBeanFactoryInitializationAotProcessorTests	OK	2	2	0	2464
org.springframework.aop.framework.AbstractAopProxyTests	EMPTY	0	0	0	782
org.springframework.aop.framework.AbstractProxyExceptionHandlingTests	EMPTY	0	0	0	885
org.springframework.aop.framework.ObjenesisProxyTests	OK	1	1	0	3369
org.springframework.aop.framework.adapter.ThrowsAdviceInterceptorTests	OK	6	6	0	927
org.springframework.aop.framework.autoproxy.BeanNameAutoProxyCreatorTests	OK	9	9	0	184
org.springframework.aop.scope.ScopedProxyBeanRegistrationAotProcessorTests	OK	5	5	0	2944
org.springframework.aop.support.MethodMatchersTests	OK	14	14	0	139
org.springframework.aop.target.LazyCreationTargetSourceTests	OK	1	1	0	59
org.springframework.aot.RuntimeHintsAgentTests	OK	1	0	0	805
org.springframework.aot.agent.InstrumentedMethodTests	OK	54	54	0	2221
org.springframework.aot.agent.RecordedInvocationTests	OK	5	5	0	1357
org.springframework.aot.hint.ReflectionTypeReferenceTests	OK	10	10	0	3734
org.springframework.aot.nativex.feature.ThrowawayClassLoaderTests	OK	2	2	0	1196
org.springframework.aot.test.ReflectionInvocationsTests	OK	2	0	0	875
org.springframework.beans.AbstractPropertyAccessorTests	EMPTY	0	0	0	608
org.springframework.beans.ConcurrentBeanWrapperTests	OK	101	101	0	725
org.springframework.beans.PropertyDescriptorUtilsPropertyResolutionTests	OK	42	42	0	2892
org.springframework.beans.factory.DefaultListableBeanFactoryTests	OK	186	186	0	3740
org.springframework.beans.factory.FactoryBeanLookupTests	OK	5	5	0	106
org.springframework.beans.factory.annotation.AutowiredAnnotationBeanRegistrationAotContributionTests	OK	14	14	0	8152
org.springframework.beans.factory.aot.AotServicesTests	OK	16	16	0	1872
org.springframework.beans.factory.aot.AutowiredArgumentsCodeGeneratorTests	OK	10	10	0	101
org.springframework.beans.factory.aot.BeanDefinitionMethodGeneratorFactoryTests	OK	11	11	0	219
org.springframework.beans.factory.aot.BeanDefinitionMethodGeneratorTests	OK	34	34	0	3375
org.springframework.beans.factory.aot.BeanDefinitionPropertiesCodeGeneratorTests	OK	47	47	0	6822
org.springframework.beans.factory.aot.BeanDefinitionPropertyValueCodeGeneratorDelegatesTests	OK	44	44	0	6098
org.springframework.beans.factory.aot.BeanRegistrationAotContributionTests	OK	4	4	0	20
org.springframework.beans.factory.aot.BeanRegistrationsAotContributionTests	OK	14	14	0	18874
org.springframework.beans.factory.aot.CodeWarningsTests	OK	23	23	0	394
org.springframework.beans.factory.aot.DefaultBeanRegistrationCodeFragmentsTests	OK	19	19	0	1421
org.springframework.beans.factory.aot.InstanceSupplierCodeGeneratorKotlinTests	OK	4	4	0	2777
org.springframework.beans.factory.aot.InstanceSupplierCodeGeneratorTests	OK	26	24	0	2389
org.springframework.beans.factory.config.CustomScopeConfigurerTests	OK	7	7	0	153
org.springframework.beans.factory.config.PropertyResourceConfigurerTests	OK	31	31	0	327
org.springframework.beans.factory.parsing.FailFastProblemReporterTests	OK	2	2	0	198
org.springframework.beans.factory.xml.XmlBeanCollectionTests	OK	34	34	0	319
org.springframework.beans.factory.xml.XmlBeanDefinitionReaderTests	OK	13	13	0	307
org.springframework.beans.factory.xml.XmlBeanFactoryTests	OK	95	95	0	4574
org.springframework.cache.caffeine.CaffeineCacheManagerTests	OK	11	11	0	2455
org.springframework.cache.caffeine.CaffeineCacheTests	OK	17	17	0	2847
org.springframework.cache.caffeine.CaffeineReactiveCachingTests	OK	4	4	0	4122
org.springframework.cache.jcache.AbstractJCacheTests	EMPTY	0	0	0	915
org.springframework.cache.jcache.JCacheCacheManagerTests	OK	5	5	0	336
org.springframework.cache.jcache.JCacheEhCacheAnnotationTests	OK	68	67	0	11597
org.springframework.cache.jcache.JCacheEhCacheApiTests	OK	15	15	0	1418
org.springframework.cache.jcache.config.JCacheCustomInterceptorTests	OK	3	3	0	2573
org.springframework.cache.jcache.config.JCacheJavaConfigTests	OK	32	32	0	2725
org.springframework.cache.jcache.config.JCacheNamespaceDrivenTests	OK	30	30	0	3651
org.springframework.cache.jcache.config.JCacheStandaloneConfigTests	OK	28	28	0	2518
org.springframework.cache.jcache.interceptor.AbstractCacheOperationTests	EMPTY	0	0	0	9
org.springframework.cache.jcache.interceptor.AnnotationCacheOperationSourceTests	OK	16	16	0	144
org.springframework.cache.jcache.interceptor.CachePutOperationTests	OK	6	6	0	87
org.springframework.cache.jcache.interceptor.CacheRemoveAllOperationTests	OK	2	2	0	36
org.springframework.cache.jcache.interceptor.CacheRemoveOperationTests	OK	2	2	0	47
org.springframework.cache.jcache.interceptor.CacheResolverAdapterTests	OK	2	2	0	158
org.springframework.cache.jcache.interceptor.CacheResultOperationTests	OK	7	7	0	34
org.springframework.cache.jcache.interceptor.JCacheErrorHandlerTests	OK	6	6	0	1000
org.springframework.cache.jcache.interceptor.JCacheInterceptorTests	OK	5	5	0	79
org.springframework.cache.jcache.interceptor.JCacheKeyGeneratorTests	OK	3	3	0	327
org.springframework.cache.transaction.AbstractTransactionSupportingCacheManagerTests	EMPTY	0	0	0	7
org.springframework.cache.transaction.TransactionAwareCacheDecoratorTests	OK	15	15	0	78
org.springframework.context.annotation.AbstractCircularImportDetectionTests	EMPTY	0	0	0	762
org.springframework.context.annotation.AnnotationConfigApplicationContextTests	OK	35	35	0	2335
org.springframework.context.annotation.ClassPathBeanDefinitionScannerTests	OK	30	30	0	976
org.springframework.context.annotation.ClassPathFactoryBeanDefinitionScannerTests	OK	1	1	0	221
org.springframework.context.annotation.ClassPathScanningCandidateComponentProviderTests	OK	36	36	0	2220
org.springframework.context.annotation.CommonAnnotationBeanPostProcessorTests	OK	21	21	0	87
org.springframework.context.annotation.CommonAnnotationBeanRegistrationAotContributionTests	OK	8	8	0	7036
org.springframework.context.annotation.ComponentScanAndImportAnnotationInteractionTests	OK	6	6	0	223
org.springframework.context.annotation.ComponentScanAnnotationIntegrationTests	OK	25	25	0	2570
org.springframework.context.annotation.ComponentScanAnnotationRecursionTests	OK	2	2	0	242
org.springframework.context.annotation.ComponentScanParserBeanDefinitionDefaultsTests	OK	12	12	0	2938
org.springframework.context.annotation.ComponentScanParserScopedProxyTests	OK	5	5	0	667
org.springframework.context.annotation.ComponentScanParserTests	OK	8	8	0	663
org.springframework.context.annotation.ComponentScanParserWithUserDefinedStrategiesTests	OK	4	4	0	473
org.springframework.context.annotation.ConfigurationClassEnhancerTests	FAIL	5	4	1	96
org.springframework.context.annotation.ConfigurationClassPostConstructAndAutowiringTests	OK	2	2	0	85
org.springframework.context.annotation.ConfigurationClassPostProcessorAotContributionTests	OK	20	20	0	8540
org.springframework.context.annotation.ConfigurationClassPostProcessorTests	OK	85	85	0	4210
org.springframework.context.annotation.DoubleScanTests	OK	1	1	0	339
org.springframework.context.annotation.EnableAspectJAutoProxyTests	OK	5	5	0	819
org.springframework.context.annotation.ImportSelectorTests	OK	9	9	0	4156
org.springframework.context.annotation.InitDestroyMethodLifecycleTests	OK	11	11	0	7236
org.springframework.context.annotation.PropertySourceAnnotationTests	OK	25	25	0	454
org.springframework.context.annotation.RoleAndDescriptionAnnotationTests	OK	3	3	0	64
org.springframework.context.annotation.SimpleScanTests	OK	1	1	0	479
org.springframework.context.annotation.Spr15275Tests	OK	6	6	0	248
org.springframework.context.annotation.Spr6602Tests	OK	2	2	0	36
org.springframework.context.annotation.beanregistrar.BeanRegistrarConfigurationTests	OK	12	12	0	339
org.springframework.context.annotation.configuration.ImportTests	OK	16	16	0	346
org.springframework.context.annotation.configuration.spr8955.Spr8955Tests	OK	1	1	0	25
org.springframework.context.annotation.configuration.spr9031.Spr9031Tests	OK	2	2	0	39
org.springframework.context.annotation.jsr330.ClassPathBeanDefinitionScannerJsr330ScopeIntegrationTests	OK	10	10	0	2304
org.springframework.context.annotation.scope.ClassPathBeanDefinitionScannerScopeIntegrationTests	OK	9	9	0	2233
org.springframework.context.annotation.spr10546.Spr10546Tests	OK	10	10	0	400
org.springframework.context.annotation.spr12233.Spr12233Tests	OK	1	1	0	30
org.springframework.context.annotation.spr12334.Spr12334Tests	OK	1	1	0	43
org.springframework.context.annotation.spr16756.Spr16756Tests	OK	1	1	0	35
org.springframework.context.annotation.spr8761.Spr8761Tests	OK	1	1	0	30
org.springframework.context.annotation.spr8808.Spr8808Tests	OK	1	1	0	8
org.springframework.context.aot.ApplicationContextAotGeneratorTests	OK	40	40	0	24294
org.springframework.context.aot.CglibClassHandlerTests	OK	3	3	0	2967
org.springframework.context.aot.KotlinReflectionBeanRegistrationAotProcessorTests	OK	4	4	0	4946
org.springframework.context.aot.ReflectiveProcessorAotContributionBuilderTests	OK	6	6	0	2243
org.springframework.context.aot.ReflectiveProcessorBeanFactoryInitializationAotProcessorTests	OK	9	9	0	4110
org.springframework.context.aot.RuntimeHintsBeanFactoryInitializationAotProcessorTests	OK	6	6	0	1341
org.springframework.context.config.ContextNamespaceHandlerTests	OK	9	9	0	1445
org.springframework.context.event.AbstractApplicationEventListenerTests	EMPTY	0	0	0	14
org.springframework.context.event.EventPublicationInterceptorTests	OK	5	5	0	507
org.springframework.context.expression.ApplicationContextExpressionTests	OK	7	7	0	924
org.springframework.context.generator.ApplicationContextAotGeneratorRuntimeHintsTests	OK	5	0	0	75
org.springframework.context.groovy.GroovyBeanDefinitionReaderTests	OK	36	36	0	6268
org.springframework.context.index.processor.CandidateComponentsIndexerTests	FAIL	24	0	24	3428
org.springframework.context.index.processor.PropertiesMarshallerTests	OK	2	2	0	1220
org.springframework.core.AbstractReflectionParameterNameDiscovererKotlinTests	EMPTY	0	0	0	898
org.springframework.core.BridgeMethodResolverTests	OK	29	29	0	401
org.springframework.core.GenericTypeResolverTests	OK	25	25	0	1509
org.springframework.core.ResolvableTypeTests	OK	162	162	0	638
org.springframework.core.SortedPropertiesTests	OK	11	11	0	358
org.springframework.core.annotation.AnnotatedElementUtilsTests	OK	82	82	0	108
org.springframework.core.annotation.MergedAnnotationsTests	OK	178	178	0	1349
org.springframework.core.annotation.MultipleComposedAnnotationsOnSingleAnnotatedElementTests	OK	19	18	0	18
org.springframework.core.annotation.NestedRepeatableAnnotationsTests	OK	12	12	0	12
org.springframework.core.codec.ResourceRegionEncoderTests	OK	6	6	0	1964
org.springframework.core.convert.converter.DefaultConversionServiceTests	OK	152	152	0	1259
org.springframework.core.env.EnvironmentSystemIntegrationTests	OK	29	29	0	2088
org.springframework.core.io.ModuleResourceTests	OK	3	3	0	1330
org.springframework.core.io.PathResourceTests	FAIL	38	27	11	1581
org.springframework.core.io.ResourceTests	OK	68	68	0	275
org.springframework.core.io.buffer.DataBufferTests	OK	294	294	0	427
org.springframework.core.io.support.PathMatchingResourcePatternResolverTests	FAIL	22	17	5	3467
org.springframework.core.io.support.ResourceArrayPropertyEditorTests	OK	6	6	0	942
org.springframework.core.io.support.SpringFactoriesLoaderTests	FAIL	33	31	2	2541
org.springframework.core.retry.RetryPolicyTests	OK	23	23	0	69
org.springframework.core.retry.RetryTemplateTests	OK	24	24	0	1537
org.springframework.core.task.SimpleAsyncTaskExecutorTests	OK	12	12	0	3195
org.springframework.core.test.io.support.MockSpringFactoriesLoaderTests	OK	4	4	0	2317
org.springframework.core.test.tools.ClassFileTests	OK	4	4	0	1600
org.springframework.core.test.tools.ClassFilesTests	OK	11	11	0	54
org.springframework.core.test.tools.CompilationExceptionTests	OK	5	5	0	133
org.springframework.core.test.tools.CompiledTests	OK	14	14	0	2331
org.springframework.core.test.tools.DynamicClassFileObjectTests	OK	3	3	0	41
org.springframework.core.test.tools.DynamicJavaFileManagerTests	OK	11	11	0	2156
org.springframework.core.test.tools.DynamicJavaFileObjectTests	OK	2	2	0	49
org.springframework.core.test.tools.DynamicResourceFileObjectTests	OK	5	5	0	20
org.springframework.core.test.tools.ResourceFileTests	OK	3	3	0	25
org.springframework.core.test.tools.ResourceFilesTests	OK	14	14	0	37
org.springframework.core.test.tools.SourceFileAssertTests	OK	4	4	0	126
org.springframework.core.test.tools.SourceFileTests	FAIL	14	12	2	67
org.springframework.core.test.tools.SourceFilesTests	OK	14	14	0	369
org.springframework.core.test.tools.TestCompilerTests	OK	22	22	0	6484
org.springframework.core.type.AbstractAnnotationMetadataTests	EMPTY	0	0	0	6
org.springframework.core.type.AbstractClassMetadataMemberClassTests	EMPTY	0	0	0	23
org.springframework.core.type.AbstractMethodMetadataTests	EMPTY	0	0	0	7
org.springframework.ejb.config.JeeNamespaceHandlerTests	OK	9	9	0	1406
org.springframework.expression.spel.AbstractExpressionTests	EMPTY	0	0	0	1414
org.springframework.expression.spel.ArrayConstructorTests	OK	8	8	0	1564
org.springframework.expression.spel.ConstructorInvocationTests	OK	7	7	0	3007
org.springframework.expression.spel.EvaluationTests	OK	101	101	0	4383
org.springframework.expression.spel.LiteralTests	OK	17	17	0	1284
org.springframework.expression.spel.MethodInvocationTests	OK	23	23	0	372
org.springframework.expression.spel.OperatorTests	OK	33	33	0	414
org.springframework.expression.spel.ParsingTests	OK	80	80	0	582
org.springframework.expression.spel.SpelCompilationCoverageTests	OK	162	162	0	3959
org.springframework.expression.spel.SpelDocumentationTests	OK	46	46	0	275
org.springframework.expression.spel.SpelReproTests	OK	99	99	0	1757
org.springframework.expression.spel.VariableAndFunctionTests	OK	16	16	0	310
org.springframework.expression.spel.ast.InlineCollectionTests	OK	18	18	0	117
org.springframework.expression.spel.standard.SpelCompilerTests	OK	3	3	0	2696
org.springframework.expression.spel.standard.SpelParserTests	OK	28	28	0	123
org.springframework.format.datetime.standard.DateTimeFormattingTests	OK	61	61	0	190
org.springframework.format.datetime.standard.InstantFormatterTests	OK	40	40	0	33
org.springframework.http.ContentDispositionTests	OK	34	34	0	452
org.springframework.http.MediaTypeTests	OK	28	28	0	1222
org.springframework.http.client.AbstractHttpRequestFactoryTests	EMPTY	0	0	0	1447
org.springframework.http.client.AbstractMockWebServerTests	EMPTY	0	0	0	985
org.springframework.http.client.JettyClientHttpRequestFactoryTests	OK	6	6	0	4277
org.springframework.http.client.SimpleClientHttpRequestFactoryTests	OK	10	10	0	716
org.springframework.http.client.SimpleClientHttpResponseTests	OK	5	5	0	2381
org.springframework.http.codec.cbor.JacksonCborDecoderTests	OK	3	3	0	603
org.springframework.http.codec.multipart.DefaultPartHttpMessageReaderTests	OK	35	35	0	3348
org.springframework.http.codec.multipart.MultipartHttpMessageWriterTests	OK	6	6	0	3812
org.springframework.http.converter.BufferedImageHttpMessageConverterTests	OK	5	5	0	269
org.springframework.http.converter.StringHttpMessageConverterTests	OK	13	13	0	22
org.springframework.http.converter.json.GsonHttpMessageConverterTests	OK	14	14	0	48
org.springframework.http.converter.json.JacksonJsonHttpMessageConverterTests	OK	34	34	0	430
org.springframework.http.converter.json.JsonbHttpMessageConverterTests	OK	14	14	0	118
org.springframework.http.converter.json.KotlinSerializationJsonHttpMessageConverterTests	OK	25	25	0	117
org.springframework.http.converter.json.MappingJackson2HttpMessageConverterTests	OK	32	32	0	192
org.springframework.http.converter.xml.MarshallingHttpMessageConverterTests	OK	8	8	0	968
org.springframework.http.server.reactive.ServerHttpsRequestIntegrationTests	OK	1	1	0	4768
org.springframework.jdbc.config.InitializeDatabaseIntegrationTests	OK	7	7	0	6316
org.springframework.jdbc.config.JdbcNamespaceIntegrationTests	OK	16	14	0	7895
org.springframework.jdbc.core.AbstractRowMapperTests	EMPTY	0	0	0	917
org.springframework.jdbc.core.JdbcTemplateTests	OK	56	56	0	7484
org.springframework.jdbc.core.namedparam.BeanPropertySqlParameterSourceTests	OK	10	10	0	531
org.springframework.jdbc.core.namedparam.MapSqlParameterSourceTests	OK	6	6	0	14
org.springframework.jdbc.core.namedparam.NamedParameterJdbcTemplateTests	OK	22	21	0	5564
org.springframework.jdbc.core.simple.JdbcClientNamedParameterTests	OK	14	14	0	3941
org.springframework.jdbc.datasource.DataSourceJtaTransactionTests	OK	28	28	0	3744
org.springframework.jdbc.datasource.DataSourceTransactionManagerTests	OK	55	55	0	657
org.springframework.jdbc.datasource.init.AbstractDatabaseInitializationTests	EMPTY	0	0	0	5
org.springframework.jdbc.datasource.init.AbstractDatabasePopulatorTests	EMPTY	0	0	0	15
org.springframework.jdbc.object.SqlQueryTests	OK	21	21	0	1049
org.springframework.jdbc.support.JdbcTransactionManagerTests	OK	59	59	0	182
org.springframework.jdbc.support.incrementer.H2SequenceMaxValueIncrementerTests	OK	12	12	0	570
org.springframework.jms.annotation.AbstractJmsAnnotationDrivenTests	EMPTY	0	0	0	2036
org.springframework.jms.annotation.AnnotationDrivenNamespaceTests	OK	9	9	0	4726
org.springframework.jms.annotation.EnableJmsTests	OK	14	14	0	8185
org.springframework.jms.annotation.JmsListenerAnnotationBeanPostProcessorTests	OK	5	5	0	4415
org.springframework.jms.config.JmsListenerContainerFactoryIntegrationTests	OK	4	4	0	5586
org.springframework.jms.config.JmsListenerContainerFactoryTests	OK	6	6	0	164
org.springframework.jms.config.JmsListenerEndpointRegistrarTests	OK	6	6	0	45
org.springframework.jms.config.JmsListenerEndpointRegistryTests	OK	4	4	0	28
org.springframework.jms.config.JmsListenerEndpointTests	OK	5	5	0	879
org.springframework.jms.config.JmsNamespaceHandlerTests	OK	13	13	0	1061
org.springframework.jms.config.MethodJmsListenerEndpointTests	OK	27	27	0	975
org.springframework.jms.config.SimpleJmsListenerEndpointTests	OK	1	1	0	15
org.springframework.jms.connection.ConnectionFactoriesRuntimeHintsTests	OK	1	1	0	346
org.springframework.jms.connection.JmsTransactionManagerTests	OK	9	9	0	455
org.springframework.jms.connection.SingleConnectionFactoryTests	OK	19	19	0	914
org.springframework.jms.connection.UserCredentialsConnectionFactoryAdapterTests	OK	10	10	0	366
org.springframework.jms.core.JmsClientTests	OK	36	36	0	5803
org.springframework.jms.core.JmsMessagingTemplateTests	OK	63	63	0	2302
org.springframework.jms.core.JmsTemplateJtaTests	OK	52	52	0	673
org.springframework.jms.core.JmsTemplateTests	OK	52	52	0	1693
org.springframework.jms.core.JmsTemplateTransactedTests	OK	52	52	0	2113
org.springframework.jms.core.support.JmsGatewaySupportTests	OK	2	2	0	59
org.springframework.jms.listener.DefaultMessageListenerContainerTests	OK	9	9	0	375
org.springframework.jms.listener.MessageListenerContainerObservationTests	OK	6	6	0	5074
org.springframework.jms.listener.SimpleMessageListenerContainerTests	OK	14	14	0	1747
org.springframework.jms.listener.adapter.JmsResponseTests	OK	6	6	0	317
org.springframework.jms.listener.adapter.MessageListenerAdapterTests	OK	19	19	0	458
org.springframework.jms.listener.adapter.MessagingMessageListenerAdapterIntegrationTests	OK	4	4	0	21
org.springframework.jms.listener.adapter.MessagingMessageListenerAdapterTests	OK	19	19	0	1565
org.springframework.jms.listener.endpoint.DefaultJmsActivationSpecFactoryTests	OK	2	2	0	51
org.springframework.jms.listener.endpoint.JmsActivationSpecConfigTests	OK	3	3	0	13
org.springframework.jms.listener.endpoint.JmsMessageEndpointManagerTests	OK	9	9	0	28
org.springframework.jms.support.JmsAccessorTests	OK	8	8	0	58
org.springframework.jms.support.JmsMessageHeaderAccessorTests	OK	1	1	0	49
org.springframework.jms.support.SimpleJmsHeaderMapperTests	OK	41	41	0	111
org.springframework.jms.support.SimpleMessageConverterTests	OK	10	10	0	518
org.springframework.jms.support.converter.JacksonJsonMessageConverterTests	OK	19	19	0	565
org.springframework.jms.support.converter.MappingJackson2MessageConverterTests	OK	19	19	0	989
org.springframework.jms.support.converter.MarshallingMessageConverterTests	OK	4	4	0	223
org.springframework.jms.support.converter.MessagingMessageConverterTests	OK	3	3	0	89
org.springframework.jms.support.destination.DynamicDestinationResolverTests	OK	4	4	0	5470
org.springframework.jms.support.destination.JmsDestinationAccessorTests	OK	2	2	0	5189
org.springframework.jms.support.destination.JndiDestinationResolverTests	OK	4	4	0	4256
org.springframework.jms.support.destination.SimpleDestinationResolverTests	OK	4	4	0	3664
org.springframework.jmx.AbstractJmxTests	EMPTY	0	0	0	66
org.springframework.jmx.AbstractMBeanServerTests	EMPTY	0	0	0	14
org.springframework.jmx.access.MBeanClientInterceptorTests	OK	14	14	0	424
org.springframework.jmx.access.RemoteMBeanClientInterceptorTests	OK	14	14	0	1173
org.springframework.jmx.export.CustomEditorConfigurerTests	OK	2	2	0	21
org.springframework.jmx.export.LazyInitMBeanTests	OK	1	1	0	13
org.springframework.jmx.export.MBeanExporterOperationsTests	OK	6	6	0	6
org.springframework.jmx.export.MBeanExporterTests	OK	38	38	0	843
org.springframework.jmx.export.NotificationListenerTests	OK	13	13	0	19
org.springframework.jmx.export.NotificationPublisherTests	OK	4	4	0	51
org.springframework.jmx.export.PropertyPlaceholderConfigurerTests	OK	2	2	0	28
org.springframework.jmx.export.annotation.AnnotationLazyInitMBeanTests	OK	3	3	0	769
org.springframework.jmx.export.annotation.AnnotationMetadataAssemblerTests	OK	31	31	0	350
org.springframework.jmx.export.annotation.EnableMBeanExportConfigurationTests	OK	8	8	0	1173
org.springframework.jmx.export.assembler.AbstractJmxAssemblerTests	EMPTY	0	0	0	10
org.springframework.jmx.export.assembler.AbstractMetadataAssemblerTests	EMPTY	0	0	0	11
org.springframework.jmx.export.assembler.InterfaceBasedMBeanInfoAssemblerCustomTests	OK	13	13	0	87
org.springframework.jmx.export.assembler.InterfaceBasedMBeanInfoAssemblerMappedTests	OK	17	17	0	87
org.springframework.jmx.export.assembler.InterfaceBasedMBeanInfoAssemblerTests	OK	12	12	0	60
org.springframework.jmx.export.assembler.MethodExclusionMBeanInfoAssemblerComboTests	OK	14	14	0	60
org.springframework.jmx.export.assembler.MethodExclusionMBeanInfoAssemblerMappedTests	OK	14	14	0	56
org.springframework.jmx.export.assembler.MethodExclusionMBeanInfoAssemblerNotMappedTests	OK	14	14	0	812
org.springframework.jmx.export.assembler.MethodExclusionMBeanInfoAssemblerTests	OK	14	14	0	79
org.springframework.jmx.export.assembler.MethodNameBasedMBeanInfoAssemblerMappedTests	OK	15	15	0	88
org.springframework.jmx.export.assembler.MethodNameBasedMBeanInfoAssemblerTests	OK	14	14	0	70
org.springframework.jmx.export.assembler.ReflectiveAssemblerTests	OK	12	12	0	57
org.springframework.jmx.export.naming.AbstractNamingStrategyTests	EMPTY	0	0	0	11
org.springframework.jmx.export.naming.IdentityNamingStrategyTests	OK	1	1	0	3
org.springframework.jmx.export.naming.MetadataNamingStrategyTests	OK	6	6	0	10
org.springframework.jmx.support.JmxUtilsTests	OK	12	12	0	62
org.springframework.jmx.support.MBeanServerFactoryBeanTests	OK	7	7	0	7
org.springframework.jndi.JndiObjectFactoryBeanTests	OK	25	25	0	469
org.springframework.mail.SimpleMailMessageTests	OK	10	10	0	1453
org.springframework.mail.javamail.ConfigurableMimeFileTypeMapTests	OK	4	4	0	94
org.springframework.mail.javamail.InternetAddressEditorTests	OK	7	7	0	53
org.springframework.mail.javamail.JavaMailSenderTests	OK	20	20	0	934
org.springframework.messaging.converter.MarshallingMessageConverterTests	OK	4	4	0	4878
org.springframework.messaging.rsocket.RSocketBufferLeakTests	OK	6	5	0	4892
org.springframework.messaging.rsocket.service.RSocketExchangeBeanRegistrationAotProcessorTests	OK	2	2	0	3232
org.springframework.messaging.simp.broker.DefaultSubscriptionRegistryTests	OK	19	19	0	4071
org.springframework.messaging.simp.stomp.AbstractStompBrokerRelayIntegrationTests	EMPTY	0	0	0	41
org.springframework.messaging.simp.stomp.BufferingStompDecoderTests	OK	11	11	0	85
org.springframework.messaging.simp.stomp.ReactorNettyStompBrokerRelayIntegrationTests	OK	7	7	0	22452
org.springframework.messaging.simp.stomp.ReactorNettyTcpStompClientTests	OK	1	1	0	530
org.springframework.mock.web.MockHttpServletRequestTests	OK	76	76	0	2623
org.springframework.mock.web.MockHttpServletResponseTests	OK	68	68	0	3516
org.springframework.orm.jpa.AbstractContainerEntityManagerFactoryIntegrationTests	EMPTY	0	0	0	905
org.springframework.orm.jpa.AbstractEntityManagerFactoryBeanTests	EMPTY	0	0	0	988
org.springframework.orm.jpa.AbstractEntityManagerFactoryIntegrationTests	EMPTY	0	0	0	1449
org.springframework.orm.jpa.ApplicationManagedEntityManagerIntegrationTests	OK	8	8	0	5372
org.springframework.orm.jpa.ContainerManagedEntityManagerIntegrationTests	OK	10	10	0	3593
org.springframework.orm.jpa.DefaultJpaDialectTests	OK	3	3	0	3990
org.springframework.orm.jpa.EntityManagerFactoryBeanSupportTests	OK	1	1	0	7479
org.springframework.orm.jpa.EntityManagerFactoryUtilsTests	OK	6	6	0	2190
org.springframework.orm.jpa.EntityManagerRuntimeHintsTests	OK	3	3	0	123
org.springframework.orm.jpa.JpaTransactionManagerTests	OK	22	22	0	438
org.springframework.orm.jpa.LocalContainerEntityManagerFactoryBeanTests	OK	11	11	0	1028
org.springframework.orm.jpa.LocalEntityManagerFactoryBeanTests	OK	6	6	0	131
org.springframework.orm.jpa.SharedEntityManagerCreatorTests	OK	13	13	0	2663
org.springframework.orm.jpa.eclipselink.EclipseLinkEntityManagerFactoryIntegrationTests	OK	20	20	0	3446
org.springframework.orm.jpa.eclipselink.EclipseLinkEntityManagerFactoryScanIntegrationTests	OK	20	20	0	5126
org.springframework.orm.jpa.eclipselink.EclipseLinkEntityManagerFactorySimpleIntegrationTests	OK	20	20	0	1402
org.springframework.orm.jpa.hibernate.HibernateEntityManagerFactoryIntegrationTests	OK	23	23	0	3173
org.springframework.orm.jpa.hibernate.HibernateEntityManagerFactoryScanIntegrationTests	OK	23	23	0	3514
org.springframework.orm.jpa.hibernate.HibernateEntityManagerFactorySimpleIntegrationTests	OK	23	23	0	4554
org.springframework.orm.jpa.hibernate.HibernateJpaDialectTests	OK	1	1	0	125
org.springframework.orm.jpa.hibernate.HibernateMultiEntityManagerFactoryIntegrationTests	OK	19	19	0	434
org.springframework.orm.jpa.hibernate.HibernateNativeEntityManagerFactoryIntegrationTests	OK	23	23	0	1377
org.springframework.orm.jpa.hibernate.HibernateNativeEntityManagerFactorySpringBeanContainerIntegrationTests	OK	13	13	0	385
org.springframework.orm.jpa.persistenceunit.DefaultPersistenceUnitManagerTests	OK	2	2	0	84
org.springframework.orm.jpa.persistenceunit.PersistenceManagedTypesBeanRegistrationAotProcessorTests	OK	2	2	0	2861
org.springframework.orm.jpa.persistenceunit.PersistenceManagedTypesScannerTests	OK	6	6	0	460
org.springframework.orm.jpa.persistenceunit.PersistenceManagedTypesTests	OK	3	3	0	15
org.springframework.orm.jpa.persistenceunit.PersistenceXmlParsingTests	OK	14	12	0	185
org.springframework.orm.jpa.persistenceunit.SpringPersistenceUnitInfoRuntimeHintsTests	OK	1	1	0	13
org.springframework.orm.jpa.support.InjectionCodeGeneratorTests	OK	10	10	0	7434
org.springframework.orm.jpa.support.OpenEntityManagerInViewTests	OK	6	6	0	491
org.springframework.orm.jpa.support.PersistenceAnnotationBeanPostProcessorAotContributionTests	OK	8	8	0	14842
org.springframework.orm.jpa.support.PersistenceContextTransactionTests	OK	11	11	0	466
org.springframework.orm.jpa.support.PersistenceInjectionIntegrationTests	OK	2	2	0	259
org.springframework.orm.jpa.support.PersistenceInjectionTests	OK	27	27	0	706
org.springframework.orm.jpa.support.SharedEntityManagerFactoryTests	OK	1	1	0	29
org.springframework.oxm.AbstractMarshallerTests	EMPTY	0	0	0	1302
org.springframework.oxm.AbstractUnmarshallerTests	EMPTY	0	0	0	1009
org.springframework.oxm.config.OxmNamespaceHandlerTests	OK	2	2	0	3931
org.springframework.oxm.jaxb.Jaxb2MarshallerTests	OK	22	22	0	8651
org.springframework.oxm.jaxb.Jaxb2UnmarshallerTests	FAIL	12	0	12	1051
org.springframework.oxm.xstream.XStreamMarshallerTests	OK	21	21	0	5082
org.springframework.oxm.xstream.XStreamUnmarshallerTests	OK	4	4	0	691
org.springframework.r2dbc.connection.init.AbstractDatabasePopulatorTests	EMPTY	0	0	0	1372
org.springframework.r2dbc.core.AbstractDatabaseClientIntegrationTests	EMPTY	0	0	0	978
org.springframework.r2dbc.core.AbstractTransactionalDatabaseClientIntegrationTests	EMPTY	0	0	0	2018
org.springframework.r2dbc.core.H2DatabaseClientContextIntegrationTests	OK	10	10	0	1052
org.springframework.resilience.RetryInterceptorTests	OK	21	21	0	2691
org.springframework.scheduling.annotation.AsyncExecutionTests	OK	18	18	0	160
org.springframework.scheduling.annotation.EnableAsyncTests	OK	18	18	0	888
org.springframework.scheduling.concurrent.AbstractSchedulingTaskExecutorTests	EMPTY	0	0	0	9
org.springframework.scheduling.concurrent.ConcurrentTaskExecutorTests	OK	18	18	0	2154
org.springframework.scheduling.concurrent.DecoratedThreadPoolTaskExecutorTests	OK	14	14	0	2127
org.springframework.scheduling.concurrent.ThreadPoolTaskExecutorTests	OK	23	23	0	2152
org.springframework.scheduling.concurrent.ThreadPoolTaskSchedulerTests	OK	40	40	0	2834
org.springframework.scheduling.quartz.CronTriggerFactoryBeanTests	OK	4	4	0	68
org.springframework.scheduling.quartz.QuartzSchedulerLifecycleTests	OK	2	2	0	518
org.springframework.scheduling.quartz.QuartzSupportTests	OK	17	9	0	1939
org.springframework.scheduling.quartz.SchedulerFactoryBeanRuntimeHintsTests	OK	4	4	0	70
org.springframework.scheduling.quartz.SimpleTriggerFactoryBeanTests	OK	4	4	0	32
org.springframework.scheduling.support.CronTriggerTests	OK	114	114	0	521
org.springframework.scripting.bsh.BshScriptFactoryTests	FAIL	18	5	13	1323
org.springframework.scripting.config.ScriptingDefaultsTests	OK	6	6	0	671
org.springframework.scripting.groovy.GroovyAspectIntegrationTests	OK	4	4	0	1762
org.springframework.scripting.groovy.GroovyAspectTests	OK	4	4	0	1841
org.springframework.scripting.groovy.GroovyScriptEvaluatorTests	OK	8	8	0	1519
org.springframework.scripting.groovy.GroovyScriptFactoryTests	OK	38	38	0	5460
org.springframework.test.context.BootstrapUtilsTests	OK	23	23	0	1480
org.springframework.test.context.aot.AbstractAotTests	EMPTY	0	0	0	1293
org.springframework.test.context.aot.AotIntegrationTests	OK	4	2	0	76084
org.springframework.test.context.aot.TestClassScannerTests	OK	7	7	0	7698
org.springframework.test.context.aot.TestContextAotGeneratorIntegrationTests	OK	4	4	0	46707
org.springframework.test.context.aot.TestPropertySourceRuntimeHintsTests	OK	2	2	0	3129
org.springframework.test.context.aot.samples.basic.AbstractSpringJupiterParameterizedClassTests	EMPTY	0	0	0	99
org.springframework.test.context.aot.samples.jdbc.SqlScriptsSpringJupiterTests	OK	1	1	0	453
org.springframework.test.context.async.AsyncMethodsSpringTestContextIntegrationTests	EMPTY	0	0	0	11
org.springframework.test.context.bean.override.BeanOverrideHandlerTests	OK	19	19	0	2339
org.springframework.test.context.bean.override.convention.TestBeanByTypeLookupIntegrationTests	OK	4	4	0	65
org.springframework.test.context.bean.override.mockito.AbstractMockitoBeanNestedAndTypeHierarchiesWithSuperclassPresentTwiceTests	EMPTY	0	0	0	22
org.springframework.test.context.bean.override.mockito.AbstractMockitoBeanWithInterfacePresentTwiceTests	EMPTY	0	0	0	58
org.springframework.test.context.bean.override.mockito.MockitoBeanByTypeLookupIntegrationTests	OK	5	5	0	421
org.springframework.test.context.bean.override.mockito.constructor.MockitoBeanByTypeLookupForConstructorParametersIntegrationTests	OK	6	6	0	201
org.springframework.test.context.bean.override.mockito.integration.AbstractMockitoBeanAndGenericsIntegrationTests	EMPTY	0	0	0	2
org.springframework.test.context.config.interfaces.SqlConfigInterfaceTests	OK	1	1	0	80
org.springframework.test.context.env.AbstractExplicitPropertiesFileTests	EMPTY	0	0	0	156
org.springframework.test.context.env.CustomEncodingTestPropertySourceTests	OK	2	2	0	1676
org.springframework.test.context.env.ExplicitPropertiesFileTestPropertySourceTests	FAIL	13	6	7	1474
org.springframework.test.context.env.ResourcePatternExplicitPropertiesFileTests	OK	1	1	0	975
org.springframework.test.context.env.repeatable.AbstractRepeatableTestPropertySourceTests	EMPTY	0	0	0	13
org.springframework.test.context.groovy.AbsolutePathGroovySpringContextTests	OK	6	6	0	2204
org.springframework.test.context.groovy.DefaultScriptDetectionGroovySpringContextTests	OK	1	1	0	1142
org.springframework.test.context.groovy.GroovySpringContextTests	OK	6	6	0	1160
org.springframework.test.context.groovy.MixedXmlAndGroovySpringContextTests	OK	1	1	0	3495
org.springframework.test.context.groovy.RelativePathGroovySpringContextTests	OK	6	6	0	97
org.springframework.test.context.jdbc.AbstractTransactionalTests	EMPTY	0	0	0	17
org.springframework.test.context.jdbc.AfterTestClassSqlScriptsTests	OK	4	4	0	130
org.springframework.test.context.jdbc.BeforeTestClassSqlScriptsTests	OK	6	6	0	90
org.springframework.test.context.jdbc.ComposedAnnotationSqlScriptsTests	OK	1	1	0	20
org.springframework.test.context.jdbc.CustomScriptSyntaxSqlScriptsTests	OK	1	1	0	42
org.springframework.test.context.jdbc.DataSourceOnlySqlScriptsTests	OK	2	2	0	1826
org.springframework.test.context.jdbc.DefaultScriptDetectionSqlScriptsTests	OK	2	2	0	88
org.springframework.test.context.jdbc.GlobalCustomScriptSyntaxSqlScriptsTests	OK	1	1	0	46
org.springframework.test.context.jdbc.InferredDataSourceSqlScriptsTests	OK	2	2	0	65
org.springframework.test.context.jdbc.InferredDataSourceTransactionalSqlScriptsTests	OK	2	2	0	58
org.springframework.test.context.jdbc.InfrastructureProxyTransactionalSqlScriptsTests	OK	1	1	0	64
org.springframework.test.context.jdbc.IsolatedTransactionModeSqlScriptsTests	OK	1	1	0	36
org.springframework.test.context.jdbc.MetaAnnotationSqlScriptsTests	OK	2	2	0	47
org.springframework.test.context.jdbc.MultipleDataSourcesAndTransactionManagersSqlScriptsTests	OK	2	2	0	44
org.springframework.test.context.jdbc.MultipleDataSourcesAndTransactionManagersTransactionalSqlScriptsTests	OK	2	2	0	39
org.springframework.test.context.jdbc.NonTransactionalSqlScriptsTests	OK	2	2	0	1699
org.springframework.test.context.jdbc.PopulatedSchemaTransactionalSqlScriptsTests	OK	1	1	0	58
org.springframework.test.context.jdbc.PrimaryDataSourceTests	OK	1	1	0	64
org.springframework.test.context.jdbc.PropertyPlaceholderSqlScriptsTests	OK	2	2	0	88
org.springframework.test.context.jdbc.RepeatableSqlAnnotationSqlScriptsChildTests	OK	2	2	0	52
org.springframework.test.context.jdbc.RepeatableSqlAnnotationSqlScriptsParentTests	OK	2	2	0	42
org.springframework.test.context.jdbc.SqlScriptsTestExecutionListenerTests	OK	7	7	0	1183
org.springframework.test.context.jdbc.TransactionalAfterTestMethodSqlScriptsTests	OK	2	2	0	49
org.springframework.test.context.jdbc.TransactionalInlinedStatementsSqlScriptsTests	OK	2	2	0	31
org.springframework.test.context.jdbc.TransactionalSqlScriptsTests	OK	4	4	0	43
org.springframework.test.context.jdbc.merging.AbstractSqlMergeModeTests	EMPTY	0	0	0	25
org.springframework.test.context.jdbc.merging.ClassLevelMergeSqlMergeModeTests	OK	3	3	0	35
org.springframework.test.context.jdbc.merging.ClassLevelOverrideSqlMergeModeTests	OK	3	3	0	1737
org.springframework.test.context.junit.jupiter.FailingBeforeAndAfterMethodsSpringExtensionTests	OK	9	9	0	175
org.springframework.test.context.junit.jupiter.defaultmethods.GenericComicCharactersInterfaceDefaultMethodsTests	EMPTY	0	0	0	19
org.springframework.test.context.junit.jupiter.event.ParallelApplicationEventsIntegrationTests	OK	2	2	0	589
org.springframework.test.context.junit.jupiter.generics.GenericComicCharactersTests	EMPTY	0	0	0	15
org.springframework.test.context.junit.jupiter.nested.SqlScriptNestedTests	OK	8	8	0	165
org.springframework.test.context.junit.jupiter.nested.TransactionalNestedTests	OK	8	8	0	176
org.springframework.test.context.junit.jupiter.parallel.ParallelExecutionSpringExtensionTests	OK	10	10	0	15331
org.springframework.test.context.junit.jupiter.transaction.TimedTransactionalSpringExtensionTests	OK	1	1	0	74
org.springframework.test.context.junit.jupiter.transaction.TransactionLifecycleMethodParameterInjectionTests	OK	1	1	0	38
org.springframework.test.context.junit4.nested.NestedTestsWithSpringRulesTests	OK	2	2	0	226
org.springframework.test.context.junit4.rules.ProgrammaticTxMgmtSpringRuleTests	OK	12	12	0	96
org.springframework.test.context.junit4.rules.TransactionalSqlScriptsSpringRuleTests	OK	2	2	0	26
org.springframework.test.context.litemode.AbstractTransactionalAnnotatedConfigClassTests	EMPTY	0	0	0	12
org.springframework.test.context.litemode.TransactionalAnnotatedConfigClassWithAtConfigurationTests	OK	2	2	0	59
org.springframework.test.context.litemode.TransactionalAnnotatedConfigClassesWithoutAtConfigurationTests	OK	2	2	0	52
org.springframework.test.context.orm.hibernate.HibernateSessionFlushingTests	OK	6	6	0	3694
org.springframework.test.context.orm.jpa.JpaEntityListenerTests	OK	4	4	0	4943
org.springframework.test.context.orm.jpa.JpaPersonRepositoryTests	OK	2	2	0	3776
org.springframework.test.context.support.AbstractContextConfigurationUtilsTests	EMPTY	0	0	0	22
org.springframework.test.context.support.CommonCachesTestExecutionListenerIntegrationTests	OK	2	2	0	105
org.springframework.test.context.support.TestPropertySourceUtilsTests	OK	29	29	0	1939
org.springframework.test.context.testng.AnnotationConfigTransactionalTestNGSpringContextTests	OK	2	2	0	1714
org.springframework.test.context.testng.TestNGConcurrencyTests	OK	1	1	0	164
org.springframework.test.context.testng.transaction.ejb.AbstractEjbTxDaoTestNGTests	EMPTY	0	0	0	45
org.springframework.test.context.testng.transaction.ejb.CommitForRequiredEjbTxDaoTestNGTests	OK	3	3	0	2910
org.springframework.test.context.testng.transaction.ejb.CommitForRequiresNewEjbTxDaoTestNGTests	OK	3	3	0	8119
org.springframework.test.context.testng.transaction.ejb.RollbackForRequiredEjbTxDaoTestNGTests	OK	3	3	0	8439
org.springframework.test.context.testng.transaction.ejb.RollbackForRequiresNewEjbTxDaoTestNGTests	OK	3	3	0	10325
org.springframework.test.context.testng.transaction.programmatic.ProgrammaticTxMgmtTestNGTests	OK	12	12	0	100
org.springframework.test.context.transaction.AbstractTransactionalSpringTests	EMPTY	0	0	0	1349
org.springframework.test.context.transaction.DefaultRollbackFalseRollbackAnnotationTransactionalTests	OK	1	1	0	48
org.springframework.test.context.transaction.DefaultRollbackTrueRollbackAnnotationTransactionalTests	OK	1	1	0	17
org.springframework.test.context.transaction.RollbackOverrideDefaultRollbackFalseTransactionalTests	OK	1	1	0	13
org.springframework.test.context.transaction.RollbackOverrideDefaultRollbackTrueTransactionalTests	OK	1	1	0	11
org.springframework.test.context.transaction.ejb.AbstractEjbTxDaoTests	EMPTY	0	0	0	28
org.springframework.test.context.transaction.ejb.CommitForRequiredEjbTxDaoTests	OK	3	3	0	514
org.springframework.test.context.transaction.ejb.CommitForRequiresNewEjbTxDaoTests	OK	3	3	0	606
org.springframework.test.context.transaction.ejb.RollbackForRequiredEjbTxDaoTests	OK	3	3	0	5187
org.springframework.test.context.transaction.ejb.RollbackForRequiresNewEjbTxDaoTests	OK	3	3	0	727
org.springframework.test.context.transaction.manager.PrimaryTransactionManagerTests	OK	1	1	0	128
org.springframework.test.context.transaction.programmatic.ProgrammaticTxMgmtTests	OK	12	12	0	56
org.springframework.test.context.web.AbstractBasicWacTests	EMPTY	0	0	0	10
org.springframework.test.context.web.BasicGroovyWacTests	OK	2	2	0	1850
org.springframework.test.context.web.WebAppConfigurationBootstrapWithTests	FAIL	1	0	1	261
org.springframework.test.context.web.socket.WebSocketServletServerContainerFactoryBeanTests	OK	2	2	0	366
org.springframework.test.web.client.response.DefaultResponseCreatorTests	OK	17	17	0	860
org.springframework.test.web.reactive.server.samples.JsonContentTests	OK	6	6	0	1629
org.springframework.test.web.servlet.assertj.AbstractMockHttpServletResponseAssertTests	OK	10	10	0	100
org.springframework.test.web.servlet.assertj.MockMvcTesterIntegrationTests	OK	74	74	0	4051
org.springframework.test.web.servlet.client.samples.bind.FilterTests	OK	1	1	0	382
org.springframework.test.web.servlet.htmlunit.AbstractWebRequestMatcherTests	EMPTY	0	0	0	8
org.springframework.test.web.servlet.htmlunit.MockWebResponseBuilderTests	OK	11	11	0	431
org.springframework.test.web.servlet.result.JsonPathResultMatchersTests	OK	43	43	0	398
org.springframework.test.web.servlet.result.PrintingResultHandlerTests	OK	17	17	0	235
org.springframework.test.web.servlet.result.XpathResultMatchersTests	OK	17	17	0	139
org.springframework.test.web.servlet.samples.client.context.WebAppResourceTests	FAIL	2	1	1	1374
org.springframework.test.web.servlet.samples.client.standalone.ViewResolutionTests	OK	5	5	0	1080
org.springframework.test.web.servlet.samples.context.WebAppResourceTests	FAIL	2	1	1	728
org.springframework.test.web.servlet.samples.standalone.ViewResolutionTests	OK	5	5	0	1075
org.springframework.transaction.annotation.AnnotationTransactionNamespaceHandlerTests	OK	5	5	0	1018
org.springframework.transaction.annotation.EnableTransactionManagementIntegrationTests	OK	9	9	0	1268
org.springframework.transaction.annotation.TransactionBeanRegistrationAotProcessorTests	OK	7	7	0	2744
org.springframework.transaction.interceptor.AbstractCoroutinesTransactionAspectTests	EMPTY	0	0	0	1380
org.springframework.transaction.interceptor.AbstractReactiveTransactionAspectTests	EMPTY	0	0	0	1002
org.springframework.transaction.interceptor.AbstractTransactionAspectTests	EMPTY	0	0	0	1067
org.springframework.transaction.interceptor.BeanFactoryTransactionTests	OK	9	9	0	644
org.springframework.ui.freemarker.FreeMarkerConfigurationFactoryBeanTests	OK	4	4	0	423
org.springframework.util.ClassUtilsTests	OK	106	106	0	52
org.springframework.util.CollectionUtilsTests	OK	32	32	0	8
org.springframework.util.FileSystemUtilsTests	OK	2	2	0	118
org.springframework.util.MimeTypeTests	OK	47	47	0	181
org.springframework.util.StreamUtilsTests	OK	11	11	0	918
org.springframework.util.function.SingletonSupplierTests	OK	115	115	0	4979
org.springframework.util.xml.AbstractStaxHandlerTests	EMPTY	0	0	0	6
org.springframework.util.xml.AbstractStaxXMLReaderTests	EMPTY	0	0	0	11
org.springframework.validation.beanvalidation.BeanValidationBeanRegistrationAotProcessorKotlinTests	OK	2	2	0	451
org.springframework.validation.beanvalidation.BeanValidationBeanRegistrationAotProcessorTests	OK	10	10	0	1134
org.springframework.validation.beanvalidation.MethodValidationAdapterTests	OK	8	8	0	1026
org.springframework.validation.beanvalidation.SpringValidatorAdapterTests	OK	11	11	0	1073
org.springframework.web.bind.annotation.ComponentScannedControllerAdviceTests	OK	1	1	0	373
org.springframework.web.client.AbstractMockWebServerTests	EMPTY	0	0	0	19
org.springframework.web.client.RestClientIntegrationTests	OK	230	229	0	2221
org.springframework.web.client.RestClientVersionTests	OK	8	8	0	1098
org.springframework.web.client.RestTemplateIntegrationTests	OK	125	122	0	3399
org.springframework.web.client.support.KotlinRestTemplateHttpServiceProxyTests	OK	11	11	0	182
org.springframework.web.client.support.RestClientProxyRegistryIntegrationTests	OK	5	5	0	2872
org.springframework.web.context.ContextLoaderTests	OK	18	18	0	5092
org.springframework.web.context.XmlWebApplicationContextTests	OK	42	42	0	3384
org.springframework.web.context.request.RequestScopeTests	OK	7	7	0	185
org.springframework.web.context.support.AnnotationConfigWebApplicationContextTests	OK	4	4	0	322
org.springframework.web.context.support.HttpRequestHandlerTests	OK	1	1	0	3585
org.springframework.web.context.support.Spr8510Tests	OK	7	7	0	1112
org.springframework.web.filter.ContentCachingResponseWrapperTests	OK	16	16	0	262
org.springframework.web.method.HandlerMethodTests	OK	9	9	0	30
org.springframework.web.reactive.config.ViewResolverRegistryTests	OK	6	6	0	4740
org.springframework.web.reactive.config.WebFluxConfigurationSupportTests	OK	8	8	0	8707
org.springframework.web.reactive.config.WebFluxViewResolutionIntegrationTests	OK	4	4	0	4892
org.springframework.web.reactive.function.client.WebClientIntegrationTests	OK	170	169	0	3102
org.springframework.web.reactive.function.client.WebClientUtilsTests	OK	13	13	0	2271
org.springframework.web.reactive.function.client.support.WebClientProxyRegistryIntegrationTests	OK	4	4	0	3225
org.springframework.web.reactive.function.server.AbstractRouterFunctionIntegrationTests	EMPTY	0	0	0	45
org.springframework.web.reactive.function.server.InvalidHttpMethodIntegrationTests	OK	4	4	0	2903
org.springframework.web.reactive.resource.EncodedResourceResolverTests	OK	4	4	0	1913
org.springframework.web.reactive.resource.ResourceTransformerSupportTests	OK	4	4	0	117
org.springframework.web.reactive.resource.ResourceUrlProviderTests	OK	6	6	0	454
org.springframework.web.reactive.resource.ResourceWebHandlerTests	FAIL	56	55	1	3575
org.springframework.web.reactive.result.method.annotation.AbstractRequestMappingIntegrationTests	EMPTY	0	0	0	34
org.springframework.web.reactive.result.method.annotation.CoroutinesIntegrationTests	OK	40	40	0	14084
org.springframework.web.reactive.result.method.annotation.CrossOriginAnnotationIntegrationTests	OK	68	68	0	12187
org.springframework.web.reactive.result.method.annotation.GlobalCorsConfigIntegrationTests	OK	36	36	0	7811
org.springframework.web.reactive.result.method.annotation.JacksonHintsIntegrationTests	OK	36	36	0	16543
org.springframework.web.reactive.result.method.annotation.MessageReaderArgumentResolverTests	OK	18	18	0	653
org.springframework.web.reactive.result.method.annotation.MessageWriterResultHandlerTests	OK	8	8	0	264
org.springframework.web.reactive.result.method.annotation.ProtobufIntegrationTests	OK	20	20	0	4531
org.springframework.web.reactive.result.method.annotation.RequestMappingDataBindingIntegrationTests	OK	8	8	0	1330
org.springframework.web.reactive.result.method.annotation.RequestMappingExceptionHandlingIntegrationTests	OK	26	26	0	7728
org.springframework.web.reactive.result.method.annotation.RequestMappingMessageConversionIntegrationTests	OK	160	160	0	13110
org.springframework.web.reactive.result.method.annotation.RequestMappingViewResolutionIntegrationTests	OK	12	12	0	1777
org.springframework.web.reactive.result.view.FragmentViewResolutionResultHandlerTests	OK	6	6	0	6006
org.springframework.web.reactive.result.view.LocaleContextResolverIntegrationTests	OK	4	4	0	1066
org.springframework.web.reactive.result.view.ViewResolutionResultHandlerTests	OK	11	11	0	1164
org.springframework.web.reactive.result.view.freemarker.FreeMarkerConfigurerTests	OK	4	4	0	27
org.springframework.web.reactive.result.view.freemarker.FreeMarkerMacroTests	OK	26	26	0	2379
org.springframework.web.reactive.result.view.freemarker.FreeMarkerViewTests	OK	7	7	0	414
org.springframework.web.reactive.result.view.script.JRubyScriptTemplateTests	OK	1	1	0	4083
org.springframework.web.reactive.result.view.script.JythonScriptTemplateTests	OK	1	1	0	2897
org.springframework.web.reactive.socket.AbstractReactiveWebSocketIntegrationTests	EMPTY	0	0	0	11
org.springframework.web.server.session.WebSessionIntegrationTests	OK	20	20	0	6276
org.springframework.web.service.annotation.HttpExchangeBeanRegistrationAotProcessorTests	OK	2	2	0	144
org.springframework.web.service.registry.GroupsMetadataValueDelegateTests	OK	8	8	0	8037
org.springframework.web.service.registry.HttpServiceProxyRegistrationAotProcessorTests	OK	5	5	0	8340
org.springframework.web.service.registry.HttpServiceRegistrarTests	OK	8	8	0	42
org.springframework.web.service.registry.ImportHttpServiceRegistrarTests	OK	5	5	0	6821
org.springframework.web.servlet.DispatcherServletTests	OK	53	53	0	16857
org.springframework.web.servlet.config.MvcNamespaceTests	OK	25	25	0	3478
org.springframework.web.servlet.config.annotation.ViewResolutionIntegrationTests	OK	7	7	0	2560
org.springframework.web.servlet.config.annotation.ViewResolverRegistryTests	OK	17	17	0	298
org.springframework.web.servlet.handler.HandlerMappingIntrospectorTests	OK	14	14	0	3219
org.springframework.web.servlet.handler.PathPatternsParameterizedTest	EMPTY	0	0	0	18
org.springframework.web.servlet.mvc.method.RequestMappingInfoHandlerMappingTests	OK	45	45	0	1092
org.springframework.web.servlet.mvc.method.annotation.AbstractRequestAttributesArgumentResolverTests	EMPTY	0	0	0	6
org.springframework.web.servlet.mvc.method.annotation.AbstractServletHandlerMethodTests	EMPTY	0	0	0	15
org.springframework.web.servlet.mvc.method.annotation.ExceptionHandlerExceptionResolverTests	OK	31	31	0	2566
org.springframework.web.servlet.mvc.method.annotation.FragmentRenderingStreamTests	OK	2	2	0	2663
org.springframework.web.servlet.mvc.method.annotation.ServletAnnotationControllerHandlerMethodTests	OK	241	241	0	3428
org.springframework.web.servlet.mvc.method.annotation.UriTemplateServletAnnotationControllerHandlerMethodTests	OK	38	38	0	852
org.springframework.web.servlet.tags.AbstractTagTests	EMPTY	0	0	0	10
org.springframework.web.servlet.tags.EvalTagTests	OK	11	11	0	1270
org.springframework.web.servlet.tags.form.AbstractFormTagTests	EMPTY	0	0	0	25
org.springframework.web.servlet.tags.form.AbstractHtmlElementTagTests	EMPTY	0	0	0	4
org.springframework.web.servlet.view.DefaultFragmentsRenderingTests	OK	1	1	0	3782
org.springframework.web.servlet.view.freemarker.FreeMarkerConfigurerTests	OK	3	3	0	1361
org.springframework.web.servlet.view.freemarker.FreeMarkerMacroTests	OK	22	22	0	1506
org.springframework.web.servlet.view.freemarker.FreeMarkerViewTests	OK	10	10	0	763
org.springframework.web.servlet.view.groovy.GroovyMarkupConfigurerTests	OK	9	9	0	212
org.springframework.web.servlet.view.groovy.GroovyMarkupViewTests	OK	10	10	0	8223
org.springframework.web.servlet.view.script.JRubyScriptTemplateTests	OK	1	1	0	15469
org.springframework.web.servlet.view.script.JythonScriptTemplateTests	OK	1	1	0	1705
org.springframework.web.servlet.view.xml.MarshallingViewTests	OK	11	11	0	96
org.springframework.web.socket.AbstractHttpRequestTests	EMPTY	0	0	0	1124
org.springframework.web.socket.AbstractWebSocketIntegrationTests	EMPTY	0	0	0	1448
org.springframework.web.socket.TextMessageTests	OK	2	2	0	1539
org.springframework.web.socket.WebSocketExtensionTests	OK	16	16	0	580
org.springframework.web.socket.WebSocketHandshakeTests	OK	6	6	0	6506
org.springframework.web.socket.adapter.jetty.JettyWebSocketHandlerAdapterTests	OK	3	3	0	5522
org.springframework.web.socket.adapter.jetty.JettyWebSocketSessionTests	OK	4	4	0	1875
org.springframework.web.socket.adapter.standard.ConvertingEncoderDecoderSupportTests	OK	13	13	0	886
org.springframework.web.socket.adapter.standard.StandardWebSocketHandlerAdapterTests	OK	3	3	0	1181
org.springframework.web.socket.adapter.standard.StandardWebSocketSessionTests	OK	5	5	0	570
org.springframework.web.socket.client.WebSocketConnectionManagerTests	OK	2	2	0	30
org.springframework.web.socket.client.standard.StandardWebSocketClientTests	OK	8	8	0	642
org.springframework.web.socket.config.HandlersBeanDefinitionParserTests	OK	4	4	0	584
org.springframework.web.socket.config.MessageBrokerBeanDefinitionParserTests	OK	8	8	0	5746
org.springframework.web.socket.config.WebSocketMessageBrokerStatsTests	OK	5	5	0	139
org.springframework.web.socket.config.annotation.WebMvcStompEndpointRegistryTests	OK	3	3	0	337
org.springframework.web.socket.config.annotation.WebMvcStompWebSocketEndpointRegistrationTests	OK	10	10	0	327
org.springframework.web.socket.config.annotation.WebSocketConfigurationTests	OK	4	4	0	5306
org.springframework.web.socket.config.annotation.WebSocketHandlerRegistrationTests	OK	7	7	0	175
org.springframework.web.socket.config.annotation.WebSocketMessageBrokerConfigurationSupportTests	OK	12	12	0	1192
org.springframework.web.socket.handler.BeanCreatingHandlerProviderTests	OK	3	3	0	68
org.springframework.web.socket.handler.ConcurrentWebSocketSessionDecoratorTests	OK	8	8	0	327
org.springframework.web.socket.handler.ExceptionWebSocketHandlerDecoratorTests	OK	4	4	0	82
org.springframework.web.socket.handler.PerConnectionWebSocketHandlerTests	OK	1	1	0	22
org.springframework.web.socket.handler.WebSocketHandlerDecoratorTests	OK	1	1	0	13
org.springframework.web.socket.handler.WebSocketHttpHeadersTests	OK	11	11	0	68
org.springframework.web.socket.messaging.DefaultSimpUserRegistryTests	OK	5	5	0	37
org.springframework.web.socket.messaging.OrderedMessageSendingIntegrationTests	OK	3	3	0	365
org.springframework.web.socket.messaging.StompSubProtocolErrorHandlerTests	OK	2	2	0	45
org.springframework.web.socket.messaging.StompSubProtocolHandlerTests	OK	18	18	0	1134
org.springframework.web.socket.messaging.StompWebSocketIntegrationTests	OK	16	16	0	6913
org.springframework.web.socket.messaging.SubProtocolWebSocketHandlerTests	OK	9	9	0	147
org.springframework.web.socket.messaging.WebSocketAnnotationMethodMessageHandlerTests	OK	1	1	0	276
org.springframework.web.socket.messaging.WebSocketStompClientIntegrationTests	OK	2	2	0	2526
org.springframework.web.socket.messaging.WebSocketStompClientTests	OK	21	21	0	821
org.springframework.web.socket.server.DefaultHandshakeHandlerTests	OK	4	4	0	79
org.springframework.web.socket.server.standard.ServerEndpointExporterTests	OK	6	6	0	338
org.springframework.web.socket.server.standard.ServerEndpointRegistrationTests	OK	2	2	0	54
org.springframework.web.socket.server.standard.SpringConfiguratorTests	OK	3	3	0	155
org.springframework.web.socket.server.support.HandshakeInterceptorChainTests	OK	3	3	0	110
org.springframework.web.socket.server.support.HttpSessionHandshakeInterceptorTests	OK	5	5	0	3470
org.springframework.web.socket.server.support.OriginHandshakeInterceptorTests	OK	10	10	0	3443
org.springframework.web.socket.server.support.WebSocketHandlerMappingTests	OK	2	2	0	2487
org.springframework.web.socket.server.support.WebSocketHttpRequestHandlerTests	OK	3	3	0	1915
org.springframework.web.socket.sockjs.client.AbstractSockJsIntegrationTests	EMPTY	0	0	0	14
org.springframework.web.socket.sockjs.client.ClientSockJsSessionTests	OK	16	16	0	640
org.springframework.web.socket.sockjs.client.DefaultTransportRequestTests	OK	3	3	0	1066
org.springframework.web.socket.sockjs.client.RestClientXhrTransportTests	OK	6	6	0	384
org.springframework.web.socket.sockjs.client.RestTemplateXhrTransportTests	OK	6	6	0	937
org.springframework.web.socket.sockjs.client.SockJsClientTests	OK	8	8	0	861
org.springframework.web.socket.sockjs.client.SockJsUrlInfoTests	OK	14	14	0	233
org.springframework.web.socket.sockjs.client.XhrTransportTests	OK	6	6	0	74
org.springframework.web.socket.sockjs.frame.SockJsFrameTests	OK	6	6	0	35
org.springframework.web.socket.sockjs.support.SockJsServiceTests	OK	13	13	0	560
org.springframework.web.socket.sockjs.transport.TransportTypeTests	OK	1	1	0	14
org.springframework.web.socket.sockjs.transport.handler.DefaultSockJsServiceTests	OK	17	17	0	530
org.springframework.web.socket.sockjs.transport.handler.HttpReceivingTransportHandlerTests	OK	4	4	0	66
org.springframework.web.socket.sockjs.transport.handler.HttpSendingTransportHandlerTests	OK	5	5	0	205
org.springframework.web.socket.sockjs.transport.handler.SockJsWebSocketHandlerTests	OK	2	2	0	105
org.springframework.web.socket.sockjs.transport.session.AbstractSockJsSessionTests	EMPTY	0	0	0	6
org.springframework.web.socket.sockjs.transport.session.HttpSockJsSessionTests	OK	2	2	0	115
org.springframework.web.socket.sockjs.transport.session.SockJsSessionTests	OK	19	19	0	258
org.springframework.web.socket.sockjs.transport.session.WebSocketServerSockJsSessionTests	OK	8	8	0	92
org.springframework.web.util.UriComponentsBuilderTests	OK	106	106	0	571
