0.0114	org.springframework.jms.support.destination.JmsDestinationAccessorTests	59	5189
0.0219	org.springframework.context.aot.CglibClassHandlerTests	65	2967
0.0257	org.springframework.web.reactive.config.ViewResolverRegistryTests	122	4740
0.0334	org.springframework.web.socket.server.support.HttpSessionHandshakeInterceptorTests	116	3470
0.0450	org.springframework.aot.hint.ReflectionTypeReferenceTests	168	3734
0.0459	org.springframework.core.io.ModuleResourceTests	61	1330
0.0590	org.springframework.jms.support.destination.JndiDestinationResolverTests	251	4256
0.0594	org.springframework.aot.nativex.feature.ThrowawayClassLoaderTests	71	1196
0.0630	org.springframework.web.context.support.HttpRequestHandlerTests	226	3585
0.0700	org.springframework.messaging.simp.broker.DefaultSubscriptionRegistryTests	285	4071
0.0703	org.springframework.messaging.converter.MarshallingMessageConverterTests	343	4878
0.0785	org.springframework.core.test.io.support.MockSpringFactoriesLoaderTests	182	2317
0.0894	org.springframework.core.test.tools.ClassFileTests	143	1600
0.0916	org.springframework.web.socket.TextMessageTests	141	1539
0.1118	org.springframework.web.socket.server.support.WebSocketHandlerMappingTests	278	2487
0.1181	org.springframework.transaction.annotation.TransactionBeanRegistrationAotProcessorTests	324	2744
0.1191	org.springframework.core.codec.ResourceRegionEncoderTests	234	1964
0.1246	org.springframework.web.reactive.function.client.WebClientUtilsTests	283	2271
0.1324	org.springframework.web.socket.server.support.OriginHandshakeInterceptorTests	456	3443
0.1345	org.springframework.orm.jpa.EntityManagerFactoryBeanSupportTests	1006	7479
0.1390	org.springframework.expression.spel.ConstructorInvocationTests	418	3007
0.1518	org.springframework.aot.agent.RecordedInvocationTests	206	1357
0.1528	org.springframework.cache.caffeine.CaffeineCacheTests	435	2847
0.1599	org.springframework.context.aot.KotlinReflectionBeanRegistrationAotProcessorTests	791	4946
0.1636	org.springframework.context.aot.ReflectiveProcessorAotContributionBuilderTests	367	2243
0.1718	org.springframework.web.context.support.Spr8510Tests	191	1112
0.1781	org.springframework.web.socket.server.support.WebSocketHttpRequestHandlerTests	341	1915
0.1825	org.springframework.expression.spel.standard.SpelCompilerTests	492	2696
0.1936	org.springframework.jms.connection.ConnectionFactoriesRuntimeHintsTests	67	346
0.1949	org.springframework.context.aot.ReflectiveProcessorBeanFactoryInitializationAotProcessorTests	801	4110
0.1951	org.springframework.context.index.processor.PropertiesMarshallerTests	238	1220
0.2048	org.springframework.messaging.rsocket.service.RSocketExchangeBeanRegistrationAotProcessorTests	662	3232
0.2160	org.springframework.oxm.config.OxmNamespaceHandlerTests	849	3931
0.2173	org.springframework.expression.spel.LiteralTests	279	1284
0.2521	org.springframework.beans.factory.aot.AotServicesTests	472	1872
0.2572	org.springframework.jms.support.destination.DynamicDestinationResolverTests	1407	5470
0.2637	org.springframework.http.client.JettyClientHttpRequestFactoryTests	1128	4277
0.2664	org.springframework.jms.config.JmsListenerContainerFactoryIntegrationTests	1488	5586
0.2749	org.springframework.core.io.support.ResourceArrayPropertyEditorTests	259	942
0.2800	org.springframework.orm.jpa.hibernate.HibernateJpaDialectTests	35	125
0.2992	org.springframework.expression.spel.ArrayConstructorTests	468	1564
0.3026	org.springframework.test.context.env.ResourcePatternExplicitPropertiesFileTests	295	975
0.3157	org.springframework.web.reactive.resource.EncodedResourceResolverTests	604	1913
0.3168	org.springframework.test.context.env.CustomEncodingTestPropertySourceTests	531	1676
0.3466	org.springframework.web.socket.adapter.jetty.JettyWebSocketHandlerAdapterTests	1914	5522
0.3557	org.springframework.util.function.SingletonSupplierTests	1771	4979
0.3575	org.springframework.jms.support.destination.SimpleDestinationResolverTests	1310	3664
0.4111	org.springframework.aop.aspectj.annotation.AspectJBeanFactoryInitializationAotProcessorTests	1013	2464
0.4153	org.springframework.util.FileSystemUtilsTests	49	118
0.4214	org.springframework.http.MediaTypeTests	515	1222
0.4286	org.springframework.aot.agent.InstrumentedMethodTests	952	2221
0.4418	org.springframework.jdbc.datasource.DataSourceJtaTransactionTests	1654	3744
0.4519	org.springframework.web.servlet.view.freemarker.FreeMarkerConfigurerTests	615	1361
0.4556	org.springframework.mock.web.MockHttpServletResponseTests	1602	3516
0.4586	org.springframework.aop.aspectj.annotation.AspectJAdvisorBeanRegistrationAotProcessorTests	1092	2381
0.4636	org.springframework.web.client.RestClientVersionTests	509	1098
0.4644	org.springframework.orm.jpa.DefaultJpaDialectTests	1853	3990
0.4660	org.springframework.test.web.servlet.client.samples.bind.FilterTests	178	382
0.4709	org.springframework.cache.caffeine.CaffeineReactiveCachingTests	1941	4122
0.4966	org.springframework.web.socket.WebSocketExtensionTests	288	580
0.5144	org.springframework.oxm.jaxb.Jaxb2MarshallerTests	4450	8651
0.5339	org.springframework.core.test.tools.SourceFilesTests	197	369
0.5438	org.springframework.aop.framework.ObjenesisProxyTests	1832	3369
0.5479	org.springframework.jms.annotation.JmsListenerAnnotationBeanPostProcessorTests	2419	4415
0.5740	org.springframework.context.event.EventPublicationInterceptorTests	291	507
0.5767	org.springframework.jdbc.object.SqlQueryTests	605	1049
0.5924	org.springframework.jms.annotation.EnableJmsTests	4849	8185
0.5931	org.springframework.jms.annotation.AnnotationDrivenNamespaceTests	2803	4726
0.6208	org.springframework.http.converter.BufferedImageHttpMessageConverterTests	167	269
0.6296	org.springframework.http.codec.multipart.DefaultPartHttpMessageReaderTests	2108	3348
0.6329	org.springframework.mock.web.MockHttpServletRequestTests	1660	2623
0.6334	org.springframework.cache.caffeine.CaffeineCacheManagerTests	1555	2455
0.6363	org.springframework.core.task.SimpleAsyncTaskExecutorTests	2033	3195
0.6389	org.springframework.aot.test.ReflectionInvocationsTests	559	875
0.6462	org.springframework.mail.SimpleMailMessageTests	939	1453
0.6466	org.springframework.messaging.rsocket.RSocketBufferLeakTests	3163	4892
0.6857	org.springframework.aot.RuntimeHintsAgentTests	552	805
0.6860	org.springframework.http.converter.xml.MarshallingHttpMessageConverterTests	664	968
0.6990	org.springframework.core.test.tools.DynamicJavaFileManagerTests	1507	2156
0.7007	org.springframework.test.context.testng.transaction.ejb.RollbackForRequiredEjbTxDaoTestNGTests	5913	8439
0.7083	org.springframework.orm.jpa.ApplicationManagedEntityManagerIntegrationTests	3805	5372
0.7101	org.springframework.jdbc.core.namedparam.NamedParameterJdbcTemplateTests	3951	5564
0.7288	org.springframework.jms.core.support.JmsGatewaySupportTests	43	59
0.7689	org.springframework.web.servlet.handler.HandlerMappingIntrospectorTests	2475	3219
0.7845	org.springframework.web.socket.adapter.jetty.JettyWebSocketSessionTests	1471	1875
0.8026	org.springframework.test.context.transaction.ejb.RollbackForRequiredEjbTxDaoTests	4163	5187
0.8125	org.springframework.web.socket.sockjs.client.ClientSockJsSessionTests	520	640
0.8226	org.springframework.test.context.testng.transaction.ejb.RollbackForRequiresNewEjbTxDaoTestNGTests	8493	10325
0.8284	org.springframework.web.bind.annotation.ComponentScannedControllerAdviceTests	309	373
0.8333	org.springframework.core.test.tools.SourceFileAssertTests	105	126
0.8349	org.springframework.web.socket.handler.ConcurrentWebSocketSessionDecoratorTests	273	327
0.8457	org.springframework.jms.listener.MessageListenerContainerObservationTests	4291	5074
0.8520	org.springframework.web.reactive.config.WebFluxViewResolutionIntegrationTests	4168	4892
0.8616	org.springframework.http.server.reactive.ServerHttpsRequestIntegrationTests	4108	4768
0.8980	org.springframework.jms.support.JmsMessageHeaderAccessorTests	44	49
0.8991	org.springframework.jms.listener.adapter.JmsResponseTests	285	317
0.9215	org.springframework.jms.config.JmsListenerEndpointTests	810	879
0.9275	org.springframework.web.socket.messaging.WebSocketAnnotationMethodMessageHandlerTests	256	276
0.9467	org.springframework.context.generator.ApplicationContextAotGeneratorRuntimeHintsTests	71	75
0.9627	org.springframework.test.context.testng.transaction.ejb.CommitForRequiresNewEjbTxDaoTestNGTests	7816	8119
0.9721	org.springframework.orm.jpa.EntityManagerFactoryUtilsTests	2129	2190
0.9794	org.springframework.context.expression.ApplicationContextExpressionTests	905	924
0.9826	org.springframework.jdbc.config.InitializeDatabaseIntegrationTests	6206	6316
0.9851	org.springframework.test.web.servlet.samples.standalone.ViewResolutionTests	1059	1075
0.9943	org.springframework.orm.jpa.eclipselink.EclipseLinkEntityManagerFactoryScanIntegrationTests	5097	5126
0.9970	org.springframework.web.reactive.config.WebFluxConfigurationSupportTests	8681	8707
1.0197	org.springframework.orm.jpa.eclipselink.EclipseLinkEntityManagerFactoryIntegrationTests	3514	3446
1.0320	org.springframework.orm.jpa.ContainerManagedEntityManagerIntegrationTests	3708	3593
1.0482	org.springframework.cache.jcache.config.JCacheCustomInterceptorTests	2697	2573
1.0559	org.springframework.core.SortedPropertiesTests	378	358
1.0779	org.springframework.web.socket.client.standard.StandardWebSocketClientTests	692	642
1.0935	org.springframework.validation.beanvalidation.BeanValidationBeanRegistrationAotProcessorTests	1240	1134
1.1019	org.springframework.jms.listener.SimpleMessageListenerContainerTests	1925	1747
1.1111	org.springframework.web.socket.messaging.StompSubProtocolErrorHandlerTests	50	45
1.1278	org.springframework.web.client.support.RestClientProxyRegistryIntegrationTests	3239	2872
1.1611	org.springframework.test.web.servlet.samples.client.standalone.ViewResolutionTests	1254	1080
1.1707	org.springframework.validation.beanvalidation.BeanValidationBeanRegistrationAotProcessorKotlinTests	528	451
1.1888	org.springframework.web.socket.sockjs.client.SockJsUrlInfoTests	277	233
1.1903	org.springframework.context.annotation.scope.ClassPathBeanDefinitionScannerScopeIntegrationTests	2658	2233
1.2073	org.springframework.jms.core.JmsClientTests	7006	5803
1.2217	org.springframework.jms.listener.adapter.MessagingMessageListenerAdapterTests	1912	1565
1.2317	org.springframework.ui.freemarker.FreeMarkerConfigurationFactoryBeanTests	521	423
1.2350	org.springframework.beans.factory.aot.DefaultBeanRegistrationCodeFragmentsTests	1755	1421
1.2435	org.springframework.orm.jpa.persistenceunit.PersistenceManagedTypesScannerTests	572	460
1.2645	org.springframework.mail.javamail.JavaMailSenderTests	1181	934
1.2716	org.springframework.web.context.ContextLoaderTests	6475	5092
1.2737	org.springframework.web.socket.WebSocketHandshakeTests	8287	6506
1.2781	org.springframework.jdbc.core.simple.JdbcClientNamedParameterTests	5037	3941
1.2804	org.springframework.web.socket.messaging.StompSubProtocolHandlerTests	1452	1134
1.3216	org.springframework.web.servlet.DispatcherServletTests	22278	16857
1.3324	org.springframework.web.reactive.function.client.support.WebClientProxyRegistryIntegrationTests	4297	3225
1.3465	org.springframework.orm.jpa.hibernate.HibernateEntityManagerFactorySimpleIntegrationTests	6132	4554
1.3565	org.springframework.web.socket.adapter.standard.StandardWebSocketHandlerAdapterTests	1602	1181
1.3734	org.springframework.cache.jcache.interceptor.CacheResolverAdapterTests	217	158
1.3884	org.springframework.context.annotation.ComponentScanAnnotationRecursionTests	336	242
1.4309	org.springframework.test.context.testng.transaction.ejb.CommitForRequiredEjbTxDaoTestNGTests	4164	2910
1.4339	org.springframework.test.web.servlet.htmlunit.MockWebResponseBuilderTests	618	431
1.4362	org.springframework.web.servlet.config.annotation.ViewResolverRegistryTests	428	298
1.4399	org.springframework.web.reactive.result.view.ViewResolutionResultHandlerTests	1676	1164
1.4430	org.springframework.context.aot.RuntimeHintsBeanFactoryInitializationAotProcessorTests	1935	1341
1.4605	org.springframework.context.annotation.jsr330.ClassPathBeanDefinitionScannerJsr330ScopeIntegrationTests	3365	2304
1.4639	org.springframework.core.retry.RetryTemplateTests	2250	1537
1.4646	org.springframework.jdbc.config.JdbcNamespaceIntegrationTests	11563	7895
1.4689	org.springframework.oxm.xstream.XStreamUnmarshallerTests	1015	691
1.4860	org.springframework.jdbc.support.incrementer.H2SequenceMaxValueIncrementerTests	847	570
1.5308	org.springframework.web.reactive.resource.ResourceUrlProviderTests	695	454
1.5649	org.springframework.web.filter.ContentCachingResponseWrapperTests	410	262
1.5735	org.springframework.scheduling.quartz.CronTriggerFactoryBeanTests	107	68
1.5764	org.springframework.web.service.annotation.HttpExchangeBeanRegistrationAotProcessorTests	227	144
1.5838	org.springframework.context.annotation.ClassPathScanningCandidateComponentProviderTests	3516	2220
1.5908	org.springframework.expression.spel.SpelReproTests	2795	1757
1.5964	org.springframework.http.client.SimpleClientHttpResponseTests	3801	2381
1.6071	org.springframework.orm.jpa.persistenceunit.DefaultPersistenceUnitManagerTests	135	84
1.6093	org.springframework.test.context.web.socket.WebSocketServletServerContainerFactoryBeanTests	589	366
1.6409	org.springframework.web.server.session.WebSessionIntegrationTests	10298	6276
1.6634	org.springframework.beans.factory.aot.AutowiredArgumentsCodeGeneratorTests	168	101
1.6667	org.springframework.cache.jcache.interceptor.CachePutOperationTests	145	87
1.6800	org.springframework.core.test.tools.ResourceFileTests	42	25
1.6860	org.springframework.web.socket.adapter.standard.StandardWebSocketSessionTests	961	570
1.6969	org.springframework.context.config.ContextNamespaceHandlerTests	2452	1445
1.7059	org.springframework.web.socket.messaging.WebSocketStompClientIntegrationTests	4309	2526
1.7118	org.springframework.web.socket.config.annotation.WebSocketConfigurationTests	9083	5306
1.7164	org.springframework.http.codec.multipart.MultipartHttpMessageWriterTests	6543	3812
1.7526	org.springframework.orm.jpa.hibernate.HibernateEntityManagerFactoryIntegrationTests	5561	3173
1.7915	org.springframework.test.web.servlet.result.JsonPathResultMatchersTests	713	398
1.7925	org.springframework.mail.javamail.InternetAddressEditorTests	95	53
1.7959	org.springframework.core.test.tools.DynamicJavaFileObjectTests	88	49
1.8056	org.springframework.cache.jcache.interceptor.CacheRemoveAllOperationTests	65	36
1.8104	org.springframework.orm.jpa.SharedEntityManagerCreatorTests	4821	2663
1.8182	org.springframework.web.socket.sockjs.transport.handler.HttpReceivingTransportHandlerTests	120	66
1.8400	org.springframework.ejb.config.JeeNamespaceHandlerTests	2587	1406
1.8617	org.springframework.mail.javamail.ConfigurableMimeFileTypeMapTests	175	94
1.8696	org.springframework.web.socket.sockjs.transport.session.WebSocketServerSockJsSessionTests	172	92
1.9118	org.springframework.web.socket.handler.BeanCreatingHandlerProviderTests	130	68
1.9131	org.springframework.web.servlet.mvc.method.annotation.ExceptionHandlerExceptionResolverTests	4909	2566
1.9149	org.springframework.cache.jcache.interceptor.CacheRemoveOperationTests	90	47
1.9616	org.springframework.web.socket.sockjs.client.RestTemplateXhrTransportTests	1838	937
1.9647	org.springframework.messaging.simp.stomp.BufferingStompDecoderTests	167	85
1.9948	org.springframework.web.socket.sockjs.client.RestClientXhrTransportTests	766	384
2.0000	org.springframework.jms.config.SimpleJmsListenerEndpointTests	30	15
2.0345	org.springframework.jms.support.JmsAccessorTests	118	58
2.1353	org.springframework.web.socket.config.HandlersBeanDefinitionParserTests	1247	584
2.1429	org.springframework.web.socket.sockjs.transport.TransportTypeTests	30	14
2.1473	org.springframework.web.reactive.result.view.freemarker.FreeMarkerViewTests	889	414
2.1507	org.springframework.jms.core.JmsMessagingTemplateTests	4951	2302
2.1611	org.springframework.test.context.groovy.MixedXmlAndGroovySpringContextTests	7553	3495
2.1707	org.springframework.orm.jpa.EntityManagerRuntimeHintsTests	267	123
2.2212	org.springframework.test.context.junit4.nested.NestedTestsWithSpringRulesTests	502	226
2.2308	org.springframework.core.env.EnvironmentSystemIntegrationTests	4658	2088
2.2566	org.springframework.context.annotation.DoubleScanTests	765	339
2.2667	org.springframework.web.socket.sockjs.transport.handler.SockJsWebSocketHandlerTests	238	105
2.3077	org.springframework.cache.transaction.TransactionAwareCacheDecoratorTests	180	78
2.3080	org.springframework.web.servlet.view.freemarker.FreeMarkerViewTests	1761	763
2.3392	org.springframework.validation.beanvalidation.MethodValidationAdapterTests	2400	1026
2.3418	org.springframework.cache.jcache.interceptor.JCacheInterceptorTests	185	79
2.3684	org.springframework.core.test.tools.CompilationExceptionTests	315	133
2.4274	org.springframework.jdbc.core.JdbcTemplateTests	18167	7484
2.4286	org.springframework.web.socket.sockjs.frame.SockJsFrameTests	85	35
2.4465	org.springframework.beans.factory.config.PropertyResourceConfigurerTests	800	327
2.4626	org.springframework.cache.jcache.JCacheEhCacheApiTests	3492	1418
2.4865	org.springframework.web.socket.messaging.DefaultSimpUserRegistryTests	92	37
2.5000	org.springframework.web.socket.handler.WebSocketHttpHeadersTests	170	68
2.5335	org.springframework.web.socket.messaging.WebSocketStompClientTests	2080	821
2.5463	org.springframework.web.socket.adapter.standard.ConvertingEncoderDecoderSupportTests	2256	886
2.5473	org.springframework.expression.spel.EvaluationTests	11165	4383
2.5484	org.springframework.orm.jpa.hibernate.HibernateEntityManagerFactoryScanIntegrationTests	8955	3514
2.5520	org.springframework.web.servlet.tags.EvalTagTests	3241	1270
2.5774	org.springframework.expression.spel.VariableAndFunctionTests	799	310
2.5945	org.springframework.jms.support.converter.MappingJackson2MessageConverterTests	2566	989
2.6154	org.springframework.web.socket.handler.WebSocketHandlerDecoratorTests	34	13
2.6273	org.springframework.jms.core.JmsTemplateTests	4448	1693
2.6553	org.springframework.web.context.support.AnnotationConfigWebApplicationContextTests	855	322
2.6581	org.springframework.expression.spel.ParsingTests	1547	582
2.6626	org.springframework.orm.jpa.eclipselink.EclipseLinkEntityManagerFactorySimpleIntegrationTests	3733	1402
2.6741	org.springframework.orm.jpa.LocalContainerEntityManagerFactoryBeanTests	2749	1028
2.6898	org.springframework.cache.jcache.config.JCacheStandaloneConfigTests	6773	2518
2.6903	org.springframework.web.socket.server.standard.SpringConfiguratorTests	417	155
2.7436	org.springframework.expression.spel.ast.InlineCollectionTests	321	117
2.7683	org.springframework.web.socket.handler.ExceptionWebSocketHandlerDecoratorTests	227	82
2.7735	org.springframework.jms.support.converter.JacksonJsonMessageConverterTests	1567	565
2.7912	org.springframework.oxm.xstream.XStreamMarshallerTests	14185	5082
2.8140	org.springframework.context.annotation.spr12334.Spr12334Tests	121	43
2.8378	org.springframework.orm.jpa.persistenceunit.PersistenceXmlParsingTests	525	185
2.8636	org.springframework.web.socket.handler.PerConnectionWebSocketHandlerTests	63	22
2.8750	org.springframework.scheduling.quartz.SimpleTriggerFactoryBeanTests	92	32
2.9118	org.springframework.web.reactive.function.server.InvalidHttpMethodIntegrationTests	8453	2903
2.9417	org.springframework.test.context.jdbc.SqlScriptsTestExecutionListenerTests	3480	1183
2.9576	org.springframework.web.servlet.view.script.JRubyScriptTemplateTests	45751	15469
2.9747	org.springframework.web.socket.server.DefaultHandshakeHandlerTests	235	79
2.9815	org.springframework.web.socket.server.standard.ServerEndpointRegistrationTests	161	54
3.0228	org.springframework.beans.factory.aot.BeanDefinitionMethodGeneratorFactoryTests	662	219
3.0404	org.springframework.beans.factory.parsing.FailFastProblemReporterTests	602	198
3.0548	org.springframework.web.socket.messaging.OrderedMessageSendingIntegrationTests	1115	365
3.0667	org.springframework.orm.jpa.persistenceunit.PersistenceManagedTypesTests	46	15
3.1307	org.springframework.beans.factory.config.CustomScopeConfigurerTests	479	153
3.1448	org.springframework.scheduling.quartz.QuartzSchedulerLifecycleTests	1629	518
3.1763	org.springframework.expression.spel.OperatorTests	1315	414
3.1906	org.springframework.cache.jcache.config.JCacheNamespaceDrivenTests	11649	3651
3.2308	org.springframework.web.reactive.resource.ResourceTransformerSupportTests	378	117
3.2781	org.springframework.orm.jpa.hibernate.HibernateNativeEntityManagerFactoryIntegrationTests	4514	1377
3.3415	org.springframework.core.test.tools.DynamicClassFileObjectTests	137	41
3.3528	org.springframework.web.socket.sockjs.transport.handler.DefaultSockJsServiceTests	1777	530
3.3658	org.springframework.context.annotation.ComponentScanParserScopedProxyTests	2245	667
3.4293	org.springframework.web.socket.sockjs.transport.handler.HttpSendingTransportHandlerTests	703	205
3.4500	org.springframework.core.test.tools.DynamicResourceFileObjectTests	69	20
3.4865	org.springframework.web.socket.sockjs.client.XhrTransportTests	258	74
3.5306	org.springframework.scripting.groovy.GroovyScriptEvaluatorTests	5363	1519
3.5882	org.springframework.cache.jcache.interceptor.CacheResultOperationTests	122	34
3.6175	org.springframework.jms.connection.UserCredentialsConnectionFactoryAdapterTests	1324	366
3.6364	org.springframework.web.reactive.result.method.annotation.MessageWriterResultHandlerTests	960	264
3.6551	org.springframework.test.context.web.BasicGroovyWacTests	6762	1850
3.7464	org.springframework.web.socket.sockjs.support.SockJsServiceTests	2098	560
3.7917	org.springframework.web.servlet.view.xml.MarshallingViewTests	364	96
3.9020	org.springframework.jms.listener.endpoint.DefaultJmsActivationSpecFactoryTests	199	51
3.9600	org.springframework.test.web.servlet.assertj.AbstractMockHttpServletResponseAssertTests	396	100
4.0000	org.springframework.context.annotation.configuration.spr8955.Spr8955Tests	100	25
4.0396	org.springframework.jdbc.datasource.DataSourceTransactionManagerTests	2654	657
4.0571	org.springframework.test.context.support.CommonCachesTestExecutionListenerIntegrationTests	426	105
4.0751	org.springframework.context.annotation.configuration.ImportTests	1410	346
4.1057	org.springframework.expression.spel.standard.SpelParserTests	505	123
4.1493	org.springframework.core.convert.converter.DefaultConversionServiceTests	5224	1259
4.1745	org.springframework.test.web.servlet.result.PrintingResultHandlerTests	981	235
4.2000	org.springframework.web.socket.client.WebSocketConnectionManagerTests	126	30
4.2500	org.springframework.jms.listener.endpoint.JmsMessageEndpointManagerTests	119	28
4.2714	org.springframework.scheduling.quartz.SchedulerFactoryBeanRuntimeHintsTests	299	70
4.2877	org.springframework.jms.connection.SingleConnectionFactoryTests	3919	914
4.2973	org.springframework.core.test.tools.ResourceFilesTests	159	37
4.3051	org.springframework.test.web.reactive.server.samples.JsonContentTests	7013	1629
4.3381	org.springframework.web.socket.config.WebSocketMessageBrokerStatsTests	603	139
4.3519	org.springframework.core.test.tools.ClassFilesTests	235	54
4.3628	org.springframework.test.web.client.response.DefaultResponseCreatorTests	3752	860
4.3639	org.springframework.web.socket.server.standard.ServerEndpointExporterTests	1475	338
4.3661	org.springframework.scripting.groovy.GroovyAspectIntegrationTests	7693	1762
4.3686	org.springframework.orm.jpa.support.OpenEntityManagerInViewTests	2145	491
4.3771	org.springframework.context.annotation.InitDestroyMethodLifecycleTests	31673	7236
4.4000	org.springframework.jms.config.JmsListenerEndpointRegistrarTests	198	45
4.4631	org.springframework.context.annotation.beanregistrar.BeanRegistrarConfigurationTests	1513	339
4.4709	org.springframework.web.socket.config.annotation.WebMvcStompWebSocketEndpointRegistrationTests	1462	327
4.4796	org.springframework.test.context.groovy.AbsolutePathGroovySpringContextTests	9873	2204
4.5535	org.springframework.web.socket.sockjs.client.DefaultTransportRequestTests	4854	1066
4.6469	org.springframework.context.annotation.ComponentScanParserWithUserDefinedStrategiesTests	2198	473
4.7156	org.springframework.web.reactive.result.method.annotation.JacksonHintsIntegrationTests	78010	16543
4.7175	org.springframework.context.annotation.spr10546.Spr10546Tests	1887	400
4.7179	org.springframework.jms.config.MethodJmsListenerEndpointTests	4600	975
4.7840	org.springframework.cache.jcache.interceptor.JCacheErrorHandlerTests	4784	1000
4.8262	org.springframework.orm.jpa.support.PersistenceContextTransactionTests	2249	466
4.8876	org.springframework.web.socket.sockjs.transport.session.SockJsSessionTests	1261	258
4.9592	org.springframework.web.socket.messaging.SubProtocolWebSocketHandlerTests	729	147
4.9667	org.springframework.context.annotation.spr8761.Spr8761Tests	149	30
4.9882	org.springframework.web.reactive.result.view.freemarker.FreeMarkerMacroTests	11867	2379
5.0166	org.springframework.util.MimeTypeTests	908	181
5.0347	org.springframework.orm.jpa.support.PersistenceInjectionIntegrationTests	1304	259
5.0857	org.springframework.context.annotation.spr16756.Spr16756Tests	178	35
5.0861	org.springframework.web.socket.config.annotation.WebMvcStompEndpointRegistryTests	1714	337
5.0987	org.springframework.jms.listener.DefaultMessageListenerContainerTests	1912	375
5.2308	org.springframework.jms.listener.endpoint.JmsActivationSpecConfigTests	68	13
5.2369	org.springframework.test.context.orm.hibernate.HibernateSessionFlushingTests	19345	3694
5.2683	org.springframework.jms.config.JmsListenerContainerFactoryTests	864	164
5.3383	org.springframework.validation.beanvalidation.SpringValidatorAdapterTests	5728	1073
5.3424	org.springframework.core.test.tools.TestCompilerTests	34640	6484
5.4273	org.springframework.web.socket.server.support.HandshakeInterceptorChainTests	597	110
5.4309	org.springframework.web.servlet.view.freemarker.FreeMarkerMacroTests	8179	1506
5.4762	org.springframework.jms.listener.adapter.MessagingMessageListenerAdapterIntegrationTests	115	21
5.5208	org.springframework.cache.jcache.interceptor.AnnotationCacheOperationSourceTests	795	144
5.5394	org.springframework.web.util.UriComponentsBuilderTests	3163	571
5.5641	org.springframework.context.annotation.configuration.spr9031.Spr9031Tests	217	39
5.6319	org.springframework.beans.factory.xml.XmlBeanDefinitionReaderTests	1729	307
5.6396	org.springframework.jms.support.SimpleJmsHeaderMapperTests	626	111
5.6667	org.springframework.context.annotation.spr12233.Spr12233Tests	170	30
5.7059	org.springframework.context.annotation.ClassPathFactoryBeanDefinitionScannerTests	1261	221
5.7203	org.springframework.core.test.tools.CompiledTests	13334	2331
5.7238	org.springframework.jms.config.JmsNamespaceHandlerTests	6073	1061
5.8343	org.springframework.web.socket.config.annotation.WebSocketHandlerRegistrationTests	1021	175
5.9286	org.springframework.web.service.registry.HttpServiceRegistrarTests	249	42
6.0791	org.springframework.jms.connection.JmsTransactionManagerTests	2766	455
6.1407	org.springframework.web.context.XmlWebApplicationContextTests	20780	3384
6.1871	org.springframework.test.web.servlet.result.XpathResultMatchersTests	860	139
6.2244	org.springframework.cache.jcache.JCacheEhCacheAnnotationTests	72184	11597
6.2454	org.springframework.context.annotation.EnableAspectJAutoProxyTests	5115	819
6.4190	org.springframework.jms.core.JmsTemplateJtaTests	4320	673
6.4545	org.springframework.expression.spel.SpelDocumentationTests	1775	275
6.6004	org.springframework.context.annotation.ClassPathBeanDefinitionScannerTests	6442	976
6.6271	org.springframework.test.context.transaction.ejb.CommitForRequiresNewEjbTxDaoTests	4016	606
6.7818	org.springframework.web.reactive.result.method.annotation.CoroutinesIntegrationTests	95515	14084
6.9266	org.springframework.jms.support.SimpleMessageConverterTests	3588	518
7.0604	org.springframework.web.socket.sockjs.client.SockJsClientTests	6079	861
7.0714	org.springframework.jms.config.JmsListenerEndpointRegistryTests	198	28
7.1004	org.springframework.test.context.aot.TestPropertySourceRuntimeHintsTests	22217	3129
7.2078	org.springframework.test.context.groovy.GroovySpringContextTests	8361	1160
7.3130	org.springframework.web.socket.sockjs.transport.session.HttpSockJsSessionTests	841	115
7.7249	org.springframework.test.context.transaction.ejb.RollbackForRequiresNewEjbTxDaoTests	5616	727
7.9205	org.springframework.cache.jcache.interceptor.JCacheKeyGeneratorTests	2590	327
7.9360	org.springframework.orm.jpa.persistenceunit.PersistenceManagedTypesBeanRegistrationAotProcessorTests	22705	2861
7.9731	org.springframework.context.annotation.ComponentScanAndImportAnnotationInteractionTests	1778	223
8.1403	org.springframework.web.reactive.result.method.annotation.GlobalCorsConfigIntegrationTests	63584	7811
8.1633	org.springframework.context.annotation.CommonAnnotationBeanRegistrationAotContributionTests	57437	7036
8.2107	org.springframework.web.reactive.result.method.annotation.RequestMappingExceptionHandlingIntegrationTests	63452	7728
8.2145	org.springframework.test.context.groovy.DefaultScriptDetectionGroovySpringContextTests	9381	1142
8.3311	org.springframework.orm.jpa.JpaTransactionManagerTests	3649	438
8.3558	org.springframework.beans.factory.aot.InstanceSupplierCodeGeneratorKotlinTests	23204	2777
8.4198	org.springframework.orm.jpa.LocalEntityManagerFactoryBeanTests	1103	131
8.6089	org.springframework.web.reactive.result.method.annotation.ProtobufIntegrationTests	39007	4531
8.9163	org.springframework.test.context.transaction.ejb.CommitForRequiredEjbTxDaoTests	4583	514
9.0208	org.springframework.cache.jcache.JCacheCacheManagerTests	3031	336
9.1011	org.springframework.jms.support.converter.MessagingMessageConverterTests	810	89
9.1538	org.springframework.orm.jpa.persistenceunit.SpringPersistenceUnitInfoRuntimeHintsTests	119	13
9.4741	org.springframework.web.servlet.view.DefaultFragmentsRenderingTests	35831	3782
9.6593	org.springframework.context.annotation.ImportSelectorTests	40144	4156
9.7767	org.springframework.web.reactive.result.view.FragmentViewResolutionResultHandlerTests	58719	6006
9.8253	org.springframework.scheduling.support.CronTriggerTests	5119	521
9.8983	org.springframework.cache.jcache.config.JCacheJavaConfigTests	26973	2725
9.9818	org.springframework.orm.jpa.hibernate.HibernateNativeEntityManagerFactorySpringBeanContainerIntegrationTests	3843	385
10.1323	org.springframework.context.annotation.ComponentScanAnnotationIntegrationTests	26040	2570
10.1857	org.springframework.web.reactive.result.view.LocaleContextResolverIntegrationTests	10858	1066
10.3311	org.springframework.web.reactive.result.view.script.JRubyScriptTemplateTests	42182	4083
10.6719	org.springframework.context.annotation.RoleAndDescriptionAnnotationTests	683	64
10.8117	org.springframework.jms.support.converter.MarshallingMessageConverterTests	2411	223
10.8572	org.springframework.test.context.bean.override.BeanOverrideHandlerTests	25395	2339
11.3134	org.springframework.web.reactive.result.method.annotation.RequestMappingViewResolutionIntegrationTests	20104	1777
11.5135	org.springframework.web.reactive.result.method.annotation.RequestMappingDataBindingIntegrationTests	15313	1330
11.8726	org.springframework.web.reactive.result.view.script.JythonScriptTemplateTests	34395	2897
12.1313	org.springframework.orm.jpa.hibernate.HibernateMultiEntityManagerFactoryIntegrationTests	5265	434
12.1457	org.springframework.web.servlet.mvc.method.annotation.FragmentRenderingStreamTests	32344	2663
12.5983	org.springframework.jms.listener.adapter.MessageListenerAdapterTests	5770	458
12.7857	org.springframework.jdbc.support.JdbcTransactionManagerTests	2327	182
12.9286	org.springframework.context.annotation.ConfigurationClassPostProcessorAotContributionTests	110410	8540
12.9991	org.springframework.orm.jpa.support.InjectionCodeGeneratorTests	96635	7434
13.5185	org.springframework.web.reactive.result.view.freemarker.FreeMarkerConfigurerTests	365	27
14.3750	org.springframework.context.annotation.spr8808.Spr8808Tests	115	8
14.4192	org.springframework.web.service.registry.GroupsMetadataValueDelegateTests	115887	8037
15.3770	org.springframework.scripting.config.ScriptingDefaultsTests	10318	671
16.3260	org.springframework.context.annotation.PropertySourceAnnotationTests	7412	454
16.4714	org.springframework.test.context.support.TestPropertySourceUtilsTests	31938	1939
17.2378	org.springframework.aop.scope.ScopedProxyBeanRegistrationAotProcessorTests	50748	2944
20.1914	org.springframework.web.reactive.result.method.annotation.MessageReaderArgumentResolverTests	13185	653
22.9749	org.springframework.web.servlet.mvc.method.annotation.ServletAnnotationControllerHandlerMethodTests	78758	3428
28.1044	org.springframework.web.servlet.view.script.JythonScriptTemplateTests	47918	1705
33.4902	org.springframework.context.annotation.ComponentScanParserTests	22204	663
34.7000	org.springframework.beans.factory.aot.BeanRegistrationAotContributionTests	694	20
47.0690	org.springframework.orm.jpa.support.SharedEntityManagerFactoryTests	1365	29
123.1237	org.springframework.test.context.groovy.RelativePathGroovySpringContextTests	11943	97
128.7437	org.springframework.beans.factory.aot.CodeWarningsTests	50725	394
