# class	method	descriptor	kind	registered_by	bucket
# GATED, NOT deletion candidates: this VM ALLOCATES the class, so it reaches
# these registrations through its own instances and no census of JDK images can
# adjudicate them. Split out 2026-08-10 by the class-level fifth-image rule.
com/sun/jmx/mbeanserver/MappedMXBeanType	getMappedMXBeanType	(Ljava/lang/reflect/Type;)Lcom/sun/jmx/mbeanserver/MappedMXBeanType;	bridge	native-builtins/src/jmx_openmbean.rs:1367	class-absent
com/sun/jmx/mbeanserver/OpenConverter	toConverter	(Ljava/lang/reflect/Type;)Lcom/sun/jmx/mbeanserver/OpenConverter;	bridge	native-builtins/src/jmx_openmbean.rs:1356	class-absent
com/sun/net/httpserver/HttpExchange$ResponseBody	close	()V	bridge	native-builtins/src/net_phase_e.rs:16212	class-absent
com/sun/net/httpserver/HttpExchange$ResponseBody	flush	()V	bridge	native-builtins/src/net_phase_e.rs:16211	class-absent
com/sun/net/httpserver/HttpExchange$ResponseBody	write	(I)V	bridge	native-builtins/src/net_phase_e.rs:16181	class-absent
com/sun/net/httpserver/HttpExchange$ResponseBody	write	([B)V	bridge	native-builtins/src/net_phase_e.rs:16156	class-absent
com/sun/net/httpserver/HttpExchange$ResponseBody	write	([BII)V	bridge	native-builtins/src/net_phase_e.rs:16123	class-absent
java/lang/foreign/DowncallHandle	invoke	([Ljava/lang/Object;)Ljava/lang/Object;	bridge	native-builtins/src/phases_late/foreign_ffm.rs:2782	class-absent
java/lang/foreign/DowncallHandle	invokeBasic	([Ljava/lang/Object;)Ljava/lang/Object;	bridge	native-builtins/src/phases_late/foreign_ffm.rs:2794	class-absent
java/lang/foreign/DowncallHandle	invokeExact	([Ljava/lang/Object;)Ljava/lang/Object;	bridge	native-builtins/src/phases_late/foreign_ffm.rs:2788	class-absent
java/lang/foreign/DowncallHandle	type	()Ljava/lang/invoke/MethodType;	bridge	native-builtins/src/phases_late/foreign_ffm.rs:2800	class-absent
java/lang/reflect/Proxy$Dispatch	invokeProxy	(Ljava/lang/Object;Ljava/lang/reflect/Method;[Ljava/lang/Object;)Ljava/lang/Object;	bridge	native-builtins/src/reflect_annotations.rs:2678	class-absent
java/lang/reflect/Proxy$Instance	<init>	(Ljava/lang/reflect/InvocationHandler;[Ljava/lang/Class;)V	bridge	native-builtins/src/reflect_annotations.rs:2664	class-absent
java/lang/reflect/Proxy$Instance	getProxyInterfacesNative	()[Ljava/lang/Class;	bridge	native-builtins/src/reflect_annotations.rs:2646	class-absent
java/util/ArrayDeque$Itr	hasNext	()Z	bridge	native-collections/src/lib.rs:34658	class-absent
java/util/ArrayDeque$Itr	next	()Ljava/lang/Object;	bridge	native-collections/src/lib.rs:34659	class-absent
java/util/ArrayDeque$Itr	remove	()V	bridge	native-collections/src/lib.rs:34671	class-absent
java/util/Enumeration$Impl	hasMoreElements	()Z	bridge	native-builtins/src/classloader.rs:5648	class-absent
java/util/Enumeration$Impl	hasNext	()Z	bridge	native-builtins/src/classloader.rs:5673	class-absent
java/util/Enumeration$Impl	next	()Ljava/lang/Object;	bridge	native-builtins/src/classloader.rs:5683	class-absent
java/util/Enumeration$Impl	nextElement	()Ljava/lang/Object;	bridge	native-builtins/src/classloader.rs:5658	class-absent
java/util/HashMap$Entry	equals	(Ljava/lang/Object;)Z	bridge	native-collections/src/lib.rs:14789	class-absent
java/util/HashMap$Entry	getKey	()Ljava/lang/Object;	bridge	native-collections/src/lib.rs:14775	class-absent
java/util/HashMap$Entry	getValue	()Ljava/lang/Object;	bridge	native-collections/src/lib.rs:14776	class-absent
java/util/HashMap$Entry	hashCode	()I	bridge	native-collections/src/lib.rs:14788	class-absent
java/util/HashMap$Entry	setValue	(Ljava/lang/Object;)Ljava/lang/Object;	bridge	native-collections/src/lib.rs:14782	class-absent
java/util/HashMap$KeyItr	remove	()V	bridge	native-collections/src/lib.rs:12451	class-absent
java/util/IteratorEnumeration	hasMoreElements	()Z	bridge	native-builtins/src/keystore.rs:1534	class-absent
java/util/IteratorEnumeration	nextElement	()Ljava/lang/Object;	bridge	native-builtins/src/keystore.rs:1551	class-absent
java/util/LinkedList$Itr	hasNext	()Z	bridge	native-collections/src/lib.rs:29020	class-absent
java/util/LinkedList$Itr	next	()Ljava/lang/Object;	bridge	native-collections/src/lib.rs:29021	class-absent
java/util/LinkedList$Itr	remove	()V	bridge	native-collections/src/lib.rs:29022	class-absent
java/util/ServiceLoader$Itr	hasNext	()Z	bridge	native-builtins/src/streams.rs:74	class-absent
java/util/ServiceLoader$Itr	next	()Ljava/lang/Object;	bridge	native-builtins/src/streams.rs:75	class-absent
java/util/TreeMap$KeyItr	hasNext	()Z	bridge	native-collections/src/lib.rs:40235	class-absent
java/util/TreeMap$KeyItr	next	()Ljava/lang/Object;	bridge	native-collections/src/lib.rs:40236	class-absent
java/util/TreeSet$Itr	remove	()V	bridge	native-collections/src/lib.rs:40504	class-absent
java/util/concurrent/CompletedFuture	cancel	(Z)Z	bridge	native-io/src/lib.rs:16960	class-absent
java/util/concurrent/CompletedFuture	get	()Ljava/lang/Object;	bridge	native-io/src/lib.rs:16978	class-absent
java/util/concurrent/CompletedFuture	get	(JLjava/util/concurrent/TimeUnit;)Ljava/lang/Object;	bridge	native-io/src/lib.rs:16984	class-absent
java/util/concurrent/CompletedFuture	isCancelled	()Z	bridge	native-io/src/lib.rs:16966	class-absent
java/util/concurrent/CompletedFuture	isDone	()Z	bridge	native-io/src/lib.rs:16972	class-absent
java/util/concurrent/atomic/AtomicIntegerFieldUpdater$RustJvmImpl	addAndGet	(Ljava/lang/Object;I)I	bridge	native-builtins/src/atomic_updater.rs:1126	class-absent
java/util/concurrent/atomic/AtomicIntegerFieldUpdater$RustJvmImpl	compareAndSet	(Ljava/lang/Object;II)Z	bridge	native-builtins/src/atomic_updater.rs:1076	class-absent
java/util/concurrent/atomic/AtomicIntegerFieldUpdater$RustJvmImpl	get	(Ljava/lang/Object;)I	bridge	native-builtins/src/atomic_updater.rs:1058	class-absent
java/util/concurrent/atomic/AtomicIntegerFieldUpdater$RustJvmImpl	getAndAdd	(Ljava/lang/Object;I)I	bridge	native-builtins/src/atomic_updater.rs:1094	class-absent
java/util/concurrent/atomic/AtomicIntegerFieldUpdater$RustJvmImpl	getAndDecrement	(Ljava/lang/Object;)I	bridge	native-builtins/src/atomic_updater.rs:1120	class-absent
java/util/concurrent/atomic/AtomicIntegerFieldUpdater$RustJvmImpl	getAndIncrement	(Ljava/lang/Object;)I	bridge	native-builtins/src/atomic_updater.rs:1114	class-absent
java/util/concurrent/atomic/AtomicIntegerFieldUpdater$RustJvmImpl	getAndSet	(Ljava/lang/Object;I)I	bridge	native-builtins/src/atomic_updater.rs:1088	class-absent
java/util/concurrent/atomic/AtomicIntegerFieldUpdater$RustJvmImpl	lazySet	(Ljava/lang/Object;I)V	bridge	native-builtins/src/atomic_updater.rs:1070	class-absent
java/util/concurrent/atomic/AtomicIntegerFieldUpdater$RustJvmImpl	set	(Ljava/lang/Object;I)V	bridge	native-builtins/src/atomic_updater.rs:1064	class-absent
java/util/concurrent/atomic/AtomicIntegerFieldUpdater$RustJvmImpl	weakCompareAndSet	(Ljava/lang/Object;II)Z	bridge	native-builtins/src/atomic_updater.rs:1082	class-absent
java/util/concurrent/atomic/AtomicLongFieldUpdater$RustJvmImpl	addAndGet	(Ljava/lang/Object;J)J	bridge	native-builtins/src/atomic_updater.rs:1246	class-absent
java/util/concurrent/atomic/AtomicLongFieldUpdater$RustJvmImpl	compareAndSet	(Ljava/lang/Object;JJ)Z	bridge	native-builtins/src/atomic_updater.rs:1205	class-absent
java/util/concurrent/atomic/AtomicLongFieldUpdater$RustJvmImpl	decrementAndGet	(Ljava/lang/Object;)J	bridge	native-builtins/src/atomic_updater.rs:1258	class-absent
java/util/concurrent/atomic/AtomicLongFieldUpdater$RustJvmImpl	get	(Ljava/lang/Object;)J	bridge	native-builtins/src/atomic_updater.rs:1187	class-absent
java/util/concurrent/atomic/AtomicLongFieldUpdater$RustJvmImpl	getAndAdd	(Ljava/lang/Object;J)J	bridge	native-builtins/src/atomic_updater.rs:1223	class-absent
java/util/concurrent/atomic/AtomicLongFieldUpdater$RustJvmImpl	getAndDecrement	(Ljava/lang/Object;)J	bridge	native-builtins/src/atomic_updater.rs:1240	class-absent
java/util/concurrent/atomic/AtomicLongFieldUpdater$RustJvmImpl	getAndIncrement	(Ljava/lang/Object;)J	bridge	native-builtins/src/atomic_updater.rs:1234	class-absent
java/util/concurrent/atomic/AtomicLongFieldUpdater$RustJvmImpl	getAndSet	(Ljava/lang/Object;J)J	bridge	native-builtins/src/atomic_updater.rs:1217	class-absent
java/util/concurrent/atomic/AtomicLongFieldUpdater$RustJvmImpl	incrementAndGet	(Ljava/lang/Object;)J	bridge	native-builtins/src/atomic_updater.rs:1252	class-absent
java/util/concurrent/atomic/AtomicLongFieldUpdater$RustJvmImpl	lazySet	(Ljava/lang/Object;J)V	bridge	native-builtins/src/atomic_updater.rs:1199	class-absent
java/util/concurrent/atomic/AtomicLongFieldUpdater$RustJvmImpl	set	(Ljava/lang/Object;J)V	bridge	native-builtins/src/atomic_updater.rs:1193	class-absent
java/util/concurrent/atomic/AtomicLongFieldUpdater$RustJvmImpl	weakCompareAndSet	(Ljava/lang/Object;JJ)Z	bridge	native-builtins/src/atomic_updater.rs:1211	class-absent
java/util/concurrent/atomic/AtomicReferenceFieldUpdater$RustJvmImpl	compareAndSet	(Ljava/lang/Object;Ljava/lang/Object;Ljava/lang/Object;)Z	bridge	native-builtins/src/atomic_updater.rs:998	class-absent
java/util/concurrent/atomic/AtomicReferenceFieldUpdater$RustJvmImpl	get	(Ljava/lang/Object;)Ljava/lang/Object;	bridge	native-builtins/src/atomic_updater.rs:980	class-absent
java/util/concurrent/atomic/AtomicReferenceFieldUpdater$RustJvmImpl	getAndSet	(Ljava/lang/Object;Ljava/lang/Object;)Ljava/lang/Object;	bridge	native-builtins/src/atomic_updater.rs:1010	class-absent
java/util/concurrent/atomic/AtomicReferenceFieldUpdater$RustJvmImpl	getAndUpdate	(Ljava/lang/Object;Ljava/util/function/UnaryOperator;)Ljava/lang/Object;	bridge	native-builtins/src/atomic_updater.rs:1016	class-absent
java/util/concurrent/atomic/AtomicReferenceFieldUpdater$RustJvmImpl	lazySet	(Ljava/lang/Object;Ljava/lang/Object;)V	bridge	native-builtins/src/atomic_updater.rs:992	class-absent
java/util/concurrent/atomic/AtomicReferenceFieldUpdater$RustJvmImpl	set	(Ljava/lang/Object;Ljava/lang/Object;)V	bridge	native-builtins/src/atomic_updater.rs:986	class-absent
java/util/concurrent/atomic/AtomicReferenceFieldUpdater$RustJvmImpl	updateAndGet	(Ljava/lang/Object;Ljava/util/function/UnaryOperator;)Ljava/lang/Object;	bridge	native-builtins/src/atomic_updater.rs:1022	class-absent
java/util/concurrent/atomic/AtomicReferenceFieldUpdater$RustJvmImpl	weakCompareAndSet	(Ljava/lang/Object;Ljava/lang/Object;Ljava/lang/Object;)Z	bridge	native-builtins/src/atomic_updater.rs:1004	class-absent
java/util/function/Consumer$AndThen	accept	(Ljava/lang/Object;)V	bridge	native-builtins/src/phases_late/streams.rs:2924	class-absent
java/util/function/Function$Compose	apply	(Ljava/lang/Object;)Ljava/lang/Object;	bridge	native-builtins/src/phases_late/streams.rs:2866	class-absent
java/util/function/Predicate$$Lambda$And	test	(Ljava/lang/Object;)Z	bridge	native-builtins/src/phases_late/streams.rs:2581	class-absent
java/util/function/Predicate$$Lambda$Negate	test	(Ljava/lang/Object;)Z	bridge	native-builtins/src/phases_late/streams.rs:2671	class-absent
java/util/function/Predicate$$Lambda$Or	test	(Ljava/lang/Object;)Z	bridge	native-builtins/src/phases_late/streams.rs:2626	class-absent
java/util/logging/LogManager$StringEnumeration	hasMoreElements	()Z	bridge	native-builtins/src/logmanager.rs:6242	class-absent
java/util/logging/LogManager$StringEnumeration	nextElement	()Ljava/lang/Object;	bridge	native-builtins/src/logmanager.rs:6248	class-absent
javax/net/ssl/SSLSocketInputStream	available	()I	bridge	native-builtins/src/phases_late/ssl_security.rs:3092	class-absent
javax/net/ssl/SSLSocketInputStream	close	()V	bridge	native-builtins/src/phases_late/ssl_security.rs:3138	class-absent
javax/net/ssl/SSLSocketInputStream	read	()I	bridge	native-builtins/src/phases_late/ssl_security.rs:2976	class-absent
javax/net/ssl/SSLSocketInputStream	read	([BII)I	bridge	native-builtins/src/phases_late/ssl_security.rs:3026	class-absent
javax/net/ssl/SSLSocketOutputStream	close	()V	bridge	native-builtins/src/phases_late/ssl_security.rs:3268	class-absent
javax/net/ssl/SSLSocketOutputStream	flush	()V	bridge	native-builtins/src/phases_late/ssl_security.rs:3265	class-absent
javax/net/ssl/SSLSocketOutputStream	write	(I)V	bridge	native-builtins/src/phases_late/ssl_security.rs:3142	class-absent
javax/net/ssl/SSLSocketOutputStream	write	([BII)V	bridge	native-builtins/src/phases_late/ssl_security.rs:3173	class-absent
jdk/internal/ref/DirectBufferDeallocator	run	()V	bridge	native-builtins/src/servlet.rs:6220	class-absent
java/io/File	pathSeparator	Ljava/lang/String;	bridge	native-builtins/src/phases_late/nio_file.rs:13604	method-nowhere
java/io/File	pathSeparatorChar	C	bridge	native-builtins/src/phases_late/nio_file.rs:13612	method-nowhere
java/io/File	separator	Ljava/lang/String;	bridge	native-builtins/src/phases_late/nio_file.rs:13595	method-nowhere
java/io/File	separatorChar	C	bridge	native-builtins/src/phases_late/nio_file.rs:13601	method-nowhere
java/io/FileDescriptor	registerNatives	()V	bridge	native-builtins/src/lib.rs:14275	method-nowhere
java/io/FileInputStream	registerNatives	()V	bridge	native-builtins/src/lib.rs:14263	method-nowhere
java/io/FileOutputStream	registerNatives	()V	bridge	native-builtins/src/lib.rs:14269	method-nowhere
java/io/ObjectStreamClass	hasStaticInitializer	(Ljava/lang/Class;Z)Z	bridge	native-builtins/src/lib.rs:18623	method-nowhere
java/io/PrintStream	write	(Ljava/lang/String;II)V	bridge	native-builtins/src/logging_shims.rs:192	method-nowhere
java/io/UnixFileSystem	delete0	(Ljava/io/File;Z)Z	bridge	native-builtins/src/phases_late/nio_file.rs:6616	method-nowhere
java/io/UnixFileSystem	getDriveDirectory	(I)Ljava/lang/String;	bridge	native-builtins/src/phases_late/nio_file.rs:6616	method-nowhere
java/io/UnixFileSystem	getFinalPath0	(Ljava/lang/String;)Ljava/lang/String;	bridge	native-builtins/src/phases_late/nio_file.rs:6616	method-nowhere
java/io/UnixFileSystem	getNameMax0	(Ljava/lang/String;)I	bridge	native-builtins/src/phases_late/nio_file.rs:6616	method-nowhere
java/io/UnixFileSystem	listRoots0	()I	bridge	native-builtins/src/phases_late/nio_file.rs:6616	method-nowhere
java/lang/Class	hasRealParameterData	()Z	bridge	native-builtins/src/lib.rs:12288	method-nowhere
java/lang/Object	accumulator	()Ljava/util/function/BiConsumer;	bridge	native-collections/src/lib.rs:20424	method-nowhere
java/lang/Object	combiner	()Ljava/util/function/BinaryOperator;	bridge	native-collections/src/lib.rs:20436	method-nowhere
java/lang/Object	finisher	()Ljava/util/function/Function;	bridge	native-collections/src/lib.rs:20430	method-nowhere
java/lang/Object	registerNatives	()V	bridge	native-builtins/src/lib.rs:9782	method-nowhere
java/lang/Object	supplier	()Ljava/util/function/Supplier;	bridge	native-collections/src/lib.rs:20418	method-nowhere
java/lang/ProcessBuilder$Redirect	INHERIT	()Ljava/lang/ProcessBuilder$Redirect;	bridge	native-builtins/src/phases_late.rs:1722	method-nowhere
java/lang/ProcessBuilder$Redirect	PIPE	()Ljava/lang/ProcessBuilder$Redirect;	bridge	native-builtins/src/phases_late.rs:1712	method-nowhere
java/lang/StackStreamFactory$AbstractStackWalker	callStackWalk	(JIIII[Ljava/lang/Object;)I	bridge	native-builtins/src/lang_stackwalker.rs:736	method-nowhere
java/lang/StackStreamFactory$AbstractStackWalker	callStackWalk	(JIII[Ljava/lang/Object;[Ljava/lang/Class;)Ljava/lang/Object;	bridge	native-builtins/src/lang_stackwalker.rs:666	method-nowhere
java/lang/StackStreamFactory$AbstractStackWalker	checkStackWalkModes	()Z	bridge	native-builtins/src/stack_walker.rs:385	method-nowhere
java/lang/StackStreamFactory$AbstractStackWalker	fetchStackFrames	(JJII)I	bridge	native-builtins/src/lang_stackwalker.rs:767	method-nowhere
java/lang/StackTraceElement	initStackTraceElements	([Ljava/lang/StackTraceElement;Ljava/lang/Throwable;)V	bridge	native-builtins/src/lib.rs:16731	method-nowhere
java/lang/StackWalker$StackFrame	toString	()Ljava/lang/String;	bridge	native-builtins/src/phases_late/reflect_invoke.rs:1726	method-nowhere
java/lang/System$1	blockedOn	(Ljava/lang/Thread;Lsun/nio/ch/Interruptible;)V	bridge	native-builtins/src/shared_secrets_bridge.rs:1079	method-nowhere
java/lang/System$1	currentThread0	()Ljava/lang/Thread;	bridge	native-builtins/src/lib.rs:30364	method-nowhere
java/lang/System$1	currentThread0	()Ljava/lang/Thread;	bridge	native-builtins/src/shared_secrets_bridge.rs:1019	method-nowhere
java/lang/System$1	findNative	(Ljava/lang/ClassLoader;Ljava/lang/String;)J	bridge	native-builtins/src/shared_secrets_bridge.rs:1248	method-nowhere
java/lang/System$1	getBytesNoRepl	(Ljava/lang/String;Ljava/nio/charset/Charset;)[B	bridge	native-builtins/src/shared_secrets_bridge.rs:1170	method-nowhere
java/lang/System$1	getBytesUtf8NoRepl	(Ljava/lang/String;)[B	bridge	native-builtins/src/shared_secrets_bridge.rs:1141	method-nowhere
java/lang/System$1	getDeclaredPublicMethods	(Ljava/lang/Class;)[Ljava/lang/reflect/Method;	bridge	native-builtins/src/shared_secrets_bridge.rs:1189	method-nowhere
java/lang/System$1	getEnumConstantsShared	(Ljava/lang/Class;)[Ljava/lang/Object;	bridge	native-builtins/src/shared_secrets_bridge.rs:1121	method-nowhere
java/lang/System$1	getMethodsOrNull	(Ljava/lang/Class;)[Ljava/lang/reflect/Method;	bridge	native-builtins/src/shared_secrets_bridge.rs:1195	method-nowhere
java/lang/System$1	getReflectionFactory	()Ljdk/internal/reflect/ReflectionFactory;	bridge	native-builtins/src/shared_secrets_bridge.rs:1073	method-nowhere
java/lang/System$1	isCarrierThreadLocalPresent	(Ljdk/internal/misc/CarrierThreadLocal;)Z	bridge	native-builtins/src/shared_secrets_bridge.rs:1109	method-nowhere
java/lang/System$1	newStackTraceElement	(Ljava/lang/StackWalker$StackFrame;)Ljava/lang/StackTraceElement;	bridge	native-builtins/src/shared_secrets_bridge.rs:1177	method-nowhere
java/lang/System$1	newStringUtf8NoRepl	([BII)Ljava/lang/String;	bridge	native-builtins/src/shared_secrets_bridge.rs:1135	method-nowhere
java/lang/Thread	destroy	()V	bridge	native-builtins/src/deprecated_lang.rs:382	method-nowhere
java/lang/Thread	resume0	()V	bridge	native-builtins/src/deprecated_lang.rs:379	method-nowhere
java/lang/Thread	stop0	(Ljava/lang/Object;)V	bridge	native-builtins/src/lib.rs:13703	method-nowhere
java/lang/Thread	stop0	(Ljava/lang/Object;)V	bridge	native-builtins/src/deprecated_lang.rs:369	method-nowhere
java/lang/Thread	suspend0	()V	bridge	native-builtins/src/deprecated_lang.rs:378	method-nowhere
java/lang/Throwable	getStackTraceDepth	()I	bridge	native-builtins/src/lib.rs:15285	method-nowhere
java/lang/Throwable	getStackTraceElement	(I)Ljava/lang/StackTraceElement;	bridge	native-builtins/src/lib.rs:15291	method-nowhere
java/lang/foreign/MemorySegment	NULL	Ljava/lang/foreign/MemorySegment;	bridge	native-builtins/src/phases_late/foreign_ffm.rs:2027	method-nowhere
java/lang/foreign/MemorySegment	allocateFrom	(Ljava/lang/foreign/Arena;Ljava/lang/foreign/ValueLayout;I)Ljava/lang/foreign/MemorySegment;	bridge	native-builtins/src/panama.rs:947	method-nowhere
java/lang/foreign/MemorySegment	allocateFrom	(Ljava/lang/foreign/Arena;Ljava/lang/foreign/ValueLayout;J)Ljava/lang/foreign/MemorySegment;	bridge	native-builtins/src/panama.rs:973	method-nowhere
java/lang/foreign/MemorySegment	get	(Ljava/lang/foreign/ValueLayout;J)Ljava/lang/Object;	bridge	native-builtins/src/panama.rs:745	method-nowhere
java/lang/foreign/MemorySegment	getAtIndex	(Ljava/lang/foreign/ValueLayout;J)Ljava/lang/Object;	bridge	native-builtins/src/panama.rs:775	method-nowhere
java/lang/foreign/MemorySegment	set	(Ljava/lang/foreign/ValueLayout;JLjava/lang/Object;)V	bridge	native-builtins/src/panama.rs:753	method-nowhere
java/lang/foreign/MemorySegment	setAtIndex	(Ljava/lang/foreign/ValueLayout;JLjava/lang/Object;)V	bridge	native-builtins/src/panama.rs:798	method-nowhere
java/lang/foreign/ValueLayout	ADDRESS	Ljava/lang/foreign/AddressLayout;	bridge	native-builtins/src/phases_late/foreign_ffm.rs:2166	method-nowhere
java/lang/foreign/ValueLayout	JAVA_BOOLEAN	Ljava/lang/foreign/ValueLayout$OfBoolean;	bridge	native-builtins/src/phases_late/foreign_ffm.rs:2103	method-nowhere
java/lang/foreign/ValueLayout	JAVA_BYTE	Ljava/lang/foreign/ValueLayout$OfByte;	bridge	native-builtins/src/phases_late/foreign_ffm.rs:2094	method-nowhere
java/lang/foreign/ValueLayout	JAVA_CHAR	Ljava/lang/foreign/ValueLayout$OfChar;	bridge	native-builtins/src/phases_late/foreign_ffm.rs:2112	method-nowhere
java/lang/foreign/ValueLayout	JAVA_DOUBLE	Ljava/lang/foreign/ValueLayout$OfDouble;	bridge	native-builtins/src/phases_late/foreign_ffm.rs:2157	method-nowhere
java/lang/foreign/ValueLayout	JAVA_FLOAT	Ljava/lang/foreign/ValueLayout$OfFloat;	bridge	native-builtins/src/phases_late/foreign_ffm.rs:2148	method-nowhere
java/lang/foreign/ValueLayout	JAVA_INT	Ljava/lang/foreign/ValueLayout$OfInt;	bridge	native-builtins/src/phases_late/foreign_ffm.rs:2130	method-nowhere
java/lang/foreign/ValueLayout	JAVA_LONG	Ljava/lang/foreign/ValueLayout$OfLong;	bridge	native-builtins/src/phases_late/foreign_ffm.rs:2139	method-nowhere
java/lang/foreign/ValueLayout	JAVA_SHORT	Ljava/lang/foreign/ValueLayout$OfShort;	bridge	native-builtins/src/phases_late/foreign_ffm.rs:2121	method-nowhere
java/lang/management/ClassLoadingMXBean	<init>	()V	bridge	native-builtins/src/jmx.rs:5232	method-nowhere
java/lang/management/CompilationMXBean	<init>	()V	bridge	native-builtins/src/jmx.rs:5391	method-nowhere
java/lang/management/GarbageCollectorMXBean	<init>	()V	bridge	native-builtins/src/jmx.rs:5557	method-nowhere
java/lang/management/MemoryMXBean	<init>	()V	bridge	native-builtins/src/jmx.rs:4070	method-nowhere
java/lang/management/OperatingSystemMXBean	<init>	()V	bridge	native-builtins/src/jmx.rs:5321	method-nowhere
java/lang/management/PlatformLoggingMXBean	<init>	()V	bridge	native-builtins/src/jmx.rs:3823	method-nowhere
java/lang/management/RuntimeMXBean	<init>	()V	bridge	native-builtins/src/jmx.rs:3607	method-nowhere
java/lang/management/ThreadMXBean	<init>	()V	bridge	native-builtins/src/jmx.rs:4815	method-nowhere
java/lang/module/ResolvedModule	getDescriptor	()Ljava/lang/module/ModuleDescriptor;	bridge	native-builtins/src/jboss_jdkspecific.rs:1070	method-nowhere
java/lang/reflect/TypeVariable	equals	(Ljava/lang/Object;)Z	bridge	native-builtins/src/lang_reflect.rs:2452	method-nowhere
java/lang/reflect/TypeVariable	hashCode	()I	bridge	native-builtins/src/lang_reflect.rs:2510	method-nowhere
java/lang/reflect/TypeVariable	toString	()Ljava/lang/String;	bridge	native-builtins/src/lang_reflect.rs:2417	method-nowhere
java/net/InetAddress	getHostByAddr	([B)Ljava/lang/String;	bridge	native-builtins/src/inet_address.rs:619	method-nowhere
java/net/InetAddress	lookupAllHostAddr	(Ljava/lang/String;)[Ljava/net/InetAddress;	bridge	native-builtins/src/inet_address.rs:613	method-nowhere
java/nio/Buffer$2	acquireSession	(Ljava/nio/Buffer;)Ljava/lang/foreign/MemorySegment$Scope;	bridge	native-builtins/src/shared_secrets_bridge.rs:2070	method-nowhere
java/nio/Buffer$2	getBufferPool	()Ljava/lang/management/BufferPoolMXBean;	bridge	native-builtins/src/shared_secrets_bridge.rs:2049	method-nowhere
java/nio/ByteOrder	BIG_ENDIAN	Ljava/nio/ByteOrder;	bridge	native-builtins/src/servlet.rs:6259	method-nowhere
java/nio/ByteOrder	LITTLE_ENDIAN	Ljava/nio/ByteOrder;	bridge	native-builtins/src/servlet.rs:6262	method-nowhere
java/nio/DirectByteBuffer	allocateDirect0	(I)Ljava/nio/ByteBuffer;	bridge	native-io/src/direct_buffer.rs:1693	method-nowhere
java/nio/DirectByteBuffer	cleanNative0	()V	bridge	native-io/src/direct_buffer.rs:1770	method-nowhere
java/nio/DirectByteBuffer	freeMemoryExplicit	(JJ)V	bridge	native-io/src/direct_buffer.rs:1811	method-nowhere
java/nio/HeapByteBuffer	<init>	([BIILjdk/internal/access/foreign/MemorySegmentProxy;)V	bridge	native-builtins/src/messaging_shims.rs:2044	method-nowhere
java/nio/channels/AsynchronousServerSocketChannel	localAddress	()Ljava/net/SocketAddress;	bridge	native-io/src/async_socket.rs:3249	method-nowhere
java/nio/channels/DatagramChannel	bind	(Ljava/net/SocketAddress;)V	bridge	native-io/src/lib.rs:18822	method-nowhere
java/nio/channels/DatagramChannel	bind	(Ljava/net/SocketAddress;)V	bridge	native-io/src/lib.rs:18822	method-nowhere
java/nio/channels/DatagramChannel	setReceiveBufferSize	(I)V	bridge	native-io/src/lib.rs:18738	method-nowhere
java/nio/channels/DatagramChannel	setReceiveBufferSize	(I)V	bridge	native-io/src/lib.rs:18738	method-nowhere
java/nio/channels/DatagramChannel	setReuseAddress	(Z)V	bridge	native-io/src/lib.rs:18746	method-nowhere
java/nio/channels/DatagramChannel	setReuseAddress	(Z)V	bridge	native-io/src/lib.rs:18746	method-nowhere
java/nio/channels/DatagramChannel	setSendBufferSize	(I)V	bridge	native-io/src/lib.rs:18730	method-nowhere
java/nio/channels/DatagramChannel	setSendBufferSize	(I)V	bridge	native-io/src/lib.rs:18730	method-nowhere
java/nio/channels/DatagramChannel	setSoTimeout	(I)V	bridge	native-io/src/lib.rs:18760	method-nowhere
java/nio/channels/DatagramChannel	setSoTimeout	(I)V	bridge	native-io/src/lib.rs:18760	method-nowhere
java/nio/channels/DatagramChannel	setTrafficClass	(I)V	bridge	native-io/src/lib.rs:18804	method-nowhere
java/nio/channels/DatagramChannel	setTrafficClass	(I)V	bridge	native-io/src/lib.rs:18804	method-nowhere
java/nio/channels/FileChannel	unmap0	(Ljava/nio/MappedByteBuffer;)V	bridge	native-io/src/lib.rs:16235	method-nowhere
java/nio/channels/Selector	lockAndDoSelect	(Ljava/util/function/Consumer;J)I	bridge	native-io/src/nio_selector.rs:3725	method-nowhere
java/nio/channels/ServerSocketChannel	blockingAccept	(J)Ljava/nio/channels/SocketChannel;	bridge	native-io/src/socket_channel.rs:3927	method-nowhere
java/nio/channels/ServerSocketChannel	configureBlocking	(Z)Ljava/nio/channels/spi/AbstractSelectableChannel;	bridge	native-io/src/socket_channel.rs:3876	method-nowhere
java/nio/channels/ServerSocketChannel	isBound	()Z	bridge	native-io/src/socket_channel.rs:3869	method-nowhere
java/nio/channels/ServerSocketChannel	localAddress	()Ljava/net/SocketAddress;	bridge	native-io/src/socket_channel.rs:3974	method-nowhere
java/nio/channels/SocketChannel	blockingConnect	(Ljava/net/SocketAddress;J)V	bridge	native-io/src/socket_channel.rs:3758	method-nowhere
java/nio/channels/SocketChannel	blockingRead	([BIIJ)I	bridge	native-io/src/socket_channel.rs:3789	method-nowhere
java/nio/channels/SocketChannel	blockingWriteFully	([BII)V	bridge	native-io/src/socket_channel.rs:3790	method-nowhere
java/nio/channels/SocketChannel	configureBlocking	(Z)Ljava/nio/channels/spi/AbstractSelectableChannel;	bridge	native-io/src/socket_channel.rs:3722	method-nowhere
java/nio/channels/SocketChannel	isInputOpen	()Z	bridge	native-io/src/socket_channel.rs:3766	method-nowhere
java/nio/channels/SocketChannel	isOutputOpen	()Z	bridge	native-io/src/socket_channel.rs:3769	method-nowhere
java/nio/channels/SocketChannel	localAddress	()Ljava/net/SocketAddress;	bridge	native-io/src/socket_channel.rs:3704	method-nowhere
java/nio/channels/SocketChannel	remoteAddress	()Ljava/net/SocketAddress;	bridge	native-io/src/socket_channel.rs:3710	method-nowhere
java/security/Provider	parseLegacyPut	(Ljava/lang/String;Ljava/lang/String;)V	bridge	native-builtins/src/jca/provider_chain.rs:2896	method-nowhere
java/util/HashSet	comparator	()Ljava/util/Comparator;	bridge	native-collections/src/lib.rs:1921	method-nowhere
java/util/Locale	CANADA	Ljava/util/Locale;	bridge	native-builtins/src/lib.rs:18717	method-nowhere
java/util/Locale	CANADA_FRENCH	Ljava/util/Locale;	bridge	native-builtins/src/locale_bootstrap.rs:1390	method-nowhere
java/util/Locale	CHINA	Ljava/util/Locale;	bridge	native-builtins/src/locale_bootstrap.rs:1387	method-nowhere
java/util/Locale	CHINESE	Ljava/util/Locale;	bridge	native-builtins/src/locale_bootstrap.rs:1398	method-nowhere
java/util/Locale	ENGLISH	Ljava/util/Locale;	bridge	native-builtins/src/lib.rs:18705	method-nowhere
java/util/Locale	FRANCE	Ljava/util/Locale;	bridge	native-builtins/src/locale_bootstrap.rs:1382	method-nowhere
java/util/Locale	FRENCH	Ljava/util/Locale;	bridge	native-builtins/src/locale_bootstrap.rs:1393	method-nowhere
java/util/Locale	GERMAN	Ljava/util/Locale;	bridge	native-builtins/src/locale_bootstrap.rs:1394	method-nowhere
java/util/Locale	GERMANY	Ljava/util/Locale;	bridge	native-builtins/src/locale_bootstrap.rs:1383	method-nowhere
java/util/Locale	ITALIAN	Ljava/util/Locale;	bridge	native-builtins/src/locale_bootstrap.rs:1395	method-nowhere
java/util/Locale	ITALY	Ljava/util/Locale;	bridge	native-builtins/src/locale_bootstrap.rs:1384	method-nowhere
java/util/Locale	JAPAN	Ljava/util/Locale;	bridge	native-builtins/src/locale_bootstrap.rs:1385	method-nowhere
java/util/Locale	JAPANESE	Ljava/util/Locale;	bridge	native-builtins/src/locale_bootstrap.rs:1396	method-nowhere
java/util/Locale	KOREA	Ljava/util/Locale;	bridge	native-builtins/src/locale_bootstrap.rs:1386	method-nowhere
java/util/Locale	KOREAN	Ljava/util/Locale;	bridge	native-builtins/src/locale_bootstrap.rs:1397	method-nowhere
java/util/Locale	PRC	Ljava/util/Locale;	bridge	native-builtins/src/locale_bootstrap.rs:1388	method-nowhere
java/util/Locale	ROOT	Ljava/util/Locale;	bridge	native-builtins/src/lib.rs:18699	method-nowhere
java/util/Locale	SIMPLIFIED_CHINESE	Ljava/util/Locale;	bridge	native-builtins/src/locale_bootstrap.rs:1391	method-nowhere
java/util/Locale	TAIWAN	Ljava/util/Locale;	bridge	native-builtins/src/locale_bootstrap.rs:1389	method-nowhere
java/util/Locale	TRADITIONAL_CHINESE	Ljava/util/Locale;	bridge	native-builtins/src/locale_bootstrap.rs:1392	method-nowhere
java/util/Locale	UK	Ljava/util/Locale;	bridge	native-builtins/src/locale_bootstrap.rs:1381	method-nowhere
java/util/Locale	US	Ljava/util/Locale;	bridge	native-builtins/src/lib.rs:18711	method-nowhere
java/util/TreeMap	iterator	()Ljava/util/Iterator;	bridge	native-collections/src/lib.rs:40226	method-nowhere
java/util/jar/Attributes$Name	MAIN_CLASS	Ljava/util/jar/Attributes$Name;	bridge	native-builtins/src/lib.rs:8285	method-nowhere
java/util/jar/Attributes$Name	MAIN_CLASS	Ljava/util/jar/Attributes$Name;	bridge	native-builtins/src/phases_late/jar_manifest.rs:746	method-nowhere
java/util/jar/Attributes$Name	MANIFEST_VERSION	Ljava/util/jar/Attributes$Name;	bridge	native-builtins/src/lib.rs:8279	method-nowhere
java/util/jar/Attributes$Name	MANIFEST_VERSION	Ljava/util/jar/Attributes$Name;	bridge	native-builtins/src/phases_late/jar_manifest.rs:730	method-nowhere
java/util/logging/Logger	log	(Ljava/util/logging/Level;Ljava/util/function/Supplier;Ljava/lang/Throwable;)V	bridge	native-builtins/src/logmanager.rs:6110	method-nowhere
java/util/stream/DoubleStream	onClose	(Ljava/lang/Runnable;)Ljava/util/stream/DoubleStream;	bridge	native-builtins/src/streams.rs:200	method-nowhere
java/util/stream/DoubleStream	onClose	(Ljava/lang/Runnable;)Ljava/util/stream/DoubleStream;	bridge	native-collections/src/lib.rs:17769	method-nowhere
java/util/stream/DoubleStream	unordered	()Ljava/util/stream/DoubleStream;	bridge	native-builtins/src/streams.rs:192	method-nowhere
java/util/stream/IntStream	onClose	(Ljava/lang/Runnable;)Ljava/util/stream/IntStream;	bridge	native-builtins/src/streams.rs:200	method-nowhere
java/util/stream/IntStream	onClose	(Ljava/lang/Runnable;)Ljava/util/stream/IntStream;	bridge	native-collections/src/lib.rs:17769	method-nowhere
java/util/stream/IntStream	unordered	()Ljava/util/stream/IntStream;	bridge	native-builtins/src/streams.rs:192	method-nowhere
java/util/stream/LongStream	onClose	(Ljava/lang/Runnable;)Ljava/util/stream/LongStream;	bridge	native-builtins/src/streams.rs:200	method-nowhere
java/util/stream/LongStream	onClose	(Ljava/lang/Runnable;)Ljava/util/stream/LongStream;	bridge	native-collections/src/lib.rs:17769	method-nowhere
java/util/stream/LongStream	unordered	()Ljava/util/stream/LongStream;	bridge	native-builtins/src/streams.rs:192	method-nowhere
java/util/stream/Stream	onClose	(Ljava/lang/Runnable;)Ljava/util/stream/Stream;	bridge	native-builtins/src/streams.rs:200	method-nowhere
java/util/stream/Stream	onClose	(Ljava/lang/Runnable;)Ljava/util/stream/Stream;	bridge	native-collections/src/lib.rs:17769	method-nowhere
java/util/stream/Stream	parallel	()Ljava/util/stream/Stream;	bridge	native-builtins/src/streams.rs:191	method-nowhere
java/util/stream/Stream	sequential	()Ljava/util/stream/Stream;	bridge	native-builtins/src/streams.rs:185	method-nowhere
java/util/stream/Stream	unordered	()Ljava/util/stream/Stream;	bridge	native-builtins/src/streams.rs:192	method-nowhere
javax/management/MBeanServer	<init>	()V	bridge	native-builtins/src/jmx.rs:6129	method-nowhere
javax/management/MBeanServer	<init>	()V	bridge	native-builtins/src/jmx.rs:6129	method-nowhere
javax/management/openmbean/TabularDataSupport	put	(Ljavax/management/openmbean/CompositeData;)Ljavax/management/openmbean/CompositeData;	bridge	native-builtins/src/jmx_openmbean.rs:1655	method-nowhere
jdk/internal/misc/Unsafe	acquireFence	()V	bridge	native-builtins/src/unsafe_natives.rs:2024	method-nowhere
jdk/internal/misc/Unsafe	addressSize0	()I	bridge	native-builtins/src/unsafe_jdk25.rs:229	method-nowhere
jdk/internal/misc/Unsafe	addressSize0	()I	bridge	native-builtins/src/unsafe_jdk25.rs:229	method-nowhere
jdk/internal/misc/Unsafe	defineAnonymousClass	(Ljava/lang/Class;[B[Ljava/lang/Object;)Ljava/lang/Class;	bridge	native-builtins/src/unsafe_natives_ext.rs:1531	method-nowhere
jdk/internal/misc/Unsafe	getReferencePlain	(Ljava/lang/Object;J)Ljava/lang/Object;	bridge	native-builtins/src/unsafe_natives.rs:2031	method-nowhere
jdk/internal/misc/Unsafe	isBigEndian0	()Z	bridge	native-builtins/src/unsafe_jdk25.rs:230	method-nowhere
jdk/internal/misc/Unsafe	isBigEndian0	()Z	bridge	native-builtins/src/unsafe_jdk25.rs:230	method-nowhere
jdk/internal/misc/Unsafe	monitorEnter	(Ljava/lang/Object;)V	bridge	native-builtins/src/unsafe_natives_ext.rs:1295	method-nowhere
jdk/internal/misc/Unsafe	monitorExit	(Ljava/lang/Object;)V	bridge	native-builtins/src/unsafe_natives_ext.rs:1301	method-nowhere
jdk/internal/misc/Unsafe	park	(Ljava/lang/Object;J)V	bridge	native-builtins/src/unsafe_natives.rs:1806	method-nowhere
jdk/internal/misc/Unsafe	putReferencePlain	(Ljava/lang/Object;JLjava/lang/Object;)V	bridge	native-builtins/src/unsafe_natives.rs:2037	method-nowhere
jdk/internal/misc/Unsafe	releaseFence	()V	bridge	native-builtins/src/unsafe_natives.rs:2025	method-nowhere
jdk/internal/misc/Unsafe	unalignedAccess0	()Z	bridge	native-builtins/src/unsafe_jdk25.rs:231	method-nowhere
jdk/internal/misc/Unsafe	unalignedAccess0	()Z	bridge	native-builtins/src/unsafe_jdk25.rs:231	method-nowhere
jdk/internal/misc/Unsafe	weakCompareAndExchangeInt	(Ljava/lang/Object;JII)I	bridge	native-builtins/src/unsafe_natives.rs:2085	method-nowhere
jdk/internal/misc/Unsafe	weakCompareAndExchangeIntAcquire	(Ljava/lang/Object;JII)I	bridge	native-builtins/src/unsafe_natives.rs:2085	method-nowhere
jdk/internal/misc/Unsafe	weakCompareAndExchangeIntRelease	(Ljava/lang/Object;JII)I	bridge	native-builtins/src/unsafe_natives.rs:2085	method-nowhere
jdk/internal/misc/Unsafe	weakCompareAndExchangeLong	(Ljava/lang/Object;JJJ)J	bridge	native-builtins/src/unsafe_natives.rs:2105	method-nowhere
jdk/internal/misc/Unsafe	weakCompareAndExchangeLongAcquire	(Ljava/lang/Object;JJJ)J	bridge	native-builtins/src/unsafe_natives.rs:2105	method-nowhere
jdk/internal/misc/Unsafe	weakCompareAndExchangeLongRelease	(Ljava/lang/Object;JJJ)J	bridge	native-builtins/src/unsafe_natives.rs:2105	method-nowhere
jdk/internal/misc/Unsafe	weakCompareAndExchangeObject	(Ljava/lang/Object;JLjava/lang/Object;Ljava/lang/Object;)Ljava/lang/Object;	bridge	native-builtins/src/unsafe_natives.rs:2129	method-nowhere
jdk/internal/misc/Unsafe	weakCompareAndExchangeReference	(Ljava/lang/Object;JLjava/lang/Object;Ljava/lang/Object;)Ljava/lang/Object;	bridge	native-builtins/src/unsafe_natives.rs:2129	method-nowhere
jdk/internal/misc/Unsafe	weakCompareAndExchangeReferenceAcquire	(Ljava/lang/Object;JLjava/lang/Object;Ljava/lang/Object;)Ljava/lang/Object;	bridge	native-builtins/src/unsafe_natives.rs:2129	method-nowhere
jdk/internal/misc/Unsafe	weakCompareAndExchangeReferenceRelease	(Ljava/lang/Object;JLjava/lang/Object;Ljava/lang/Object;)Ljava/lang/Object;	bridge	native-builtins/src/unsafe_natives.rs:2129	method-nowhere
jdk/internal/reflect/ReflectionFactory	getConstantPool	(Ljava/lang/Class;)Ljdk/internal/reflect/ConstantPool;	bridge	native-builtins/src/lib.rs:15267	method-nowhere
sun/management/GarbageCollectorImpl	<init>	(Ljava/lang/String;Lsun/management/VMManagement;)V	bridge	native-builtins/src/jmx.rs:2696	method-nowhere
sun/management/GarbageCollectorImpl	gc	()V	bridge	native-builtins/src/jmx.rs:2740	method-nowhere
sun/net/spi/DefaultProxySelector	init	()V	bridge	native-builtins/src/proxy_selector.rs:738	method-nowhere
sun/security/ssl/SSLEngineImpl	setApplicationProtocols	([Ljava/lang/String;)V	bridge	native-builtins/src/t27_tls.rs:9336	method-nowhere
java/util/concurrent/locks/StampedLock	isLocked	()Z	bridge	native-builtins/src/util_concurrent_ext.rs:5788	method-nowhere
java/util/concurrent/locks/StampedLock	isLocked	()Z	bridge	native-builtins/src/util_concurrent_ext.rs:5788	method-nowhere
