# CratonBench perf-gate baselines — Azure EPYC bench host (16 vCPU), taskset
# pinned, -Xmx8g, fresh process per phase, median of N reps.
#
# status: anchored    = measured under the documented acceptance methodology,
#                       with a linked evidence doc; changing it requires a new
#                       evidence doc (see README "Performance gate").
#         provisional = best-of measurement 2026-07-24 pending re-anchor after
#                       the open bt18 dev regression is root-caused; may be
#                       re-anchored with a normal PR justification.
#
# phase	baseline_ms	checksum	status	evidence
arithmetic	3976	5000000003999999995	provisional	pure-kernel OSR reg-homes default-on + R8/R9 operand cache, median-of-7 3976ms (checksum-verified), 2026-07-30
fib	4450	701408733	provisional	pair-1 best 4417, 2026-07-24
sieve	5800	9592	provisional	pair-1 best 5759, 2026-07-24
matrix	5700	173943680	provisional	pair-1 best 5630, 2026-07-24
hashmap	1870	1549999915000000	provisional	dense-overlay sequence derivation + per-object fixed taxes; median-of-5 interleaved against HotSpot on cpu 15, docs/internal/performance/hashmap-half-gap-20260730.md, 2026-07-30. CONSERVATIVE: measured at load 10-12, so it is inflated and the budget it sets is loose — tighten on a quiet host. Replaces 4300, which no longer bounds anything (the same binary measures 1870).
stringregex	165	5000050000	provisional	pair-1 best 158, 2026-07-24
bintrees	1550	68332206	anchored	docs/internal/performance/bt18-inline-tlab-regression-20260724.md (re-anchor: +4 explicit header zero-stores per `new` close the refill-zeroing assumption, ~+2% vs binarytrees-half-gap-20260718.md's 1468)
