jakarta.el.TestArrayELResolver	PASS
jakarta.el.TestBeanELResolver	PASS
jakarta.el.TestBeanELResolverVarargsInvocation	PASS
jakarta.el.TestBeanNameELResolver	PASS
jakarta.el.TestBeanSupport	PASS
jakarta.el.TestCompositeELResolver	FAIL
jakarta.el.TestELContext	PASS
jakarta.el.TestELProcessor	PASS
jakarta.el.TestELResolver	PASS
jakarta.el.TestEvaluationListener	PASS
jakarta.el.TestExpressionFactoryCache	PASS
jakarta.el.TestImportHandler	PASS
jakarta.el.TestImportHandlerStandardPackages	PASS
jakarta.el.TestListELResolver	PASS
jakarta.el.TestMapELResolver	PASS
jakarta.el.TestMethodReference	PASS
jakarta.el.TestOptionalELResolver	PASS
jakarta.el.TestOptionalELResolverInJsp	FAIL
jakarta.el.TestRecordELResolver	PASS
jakarta.el.TestResourceBundleELResolver	PASS
jakarta.el.TestStaticFieldELResolver	PASS
jakarta.el.TestUtil	PASS
jakarta.servlet.TestServletRequestParameters	PASS
jakarta.servlet.TestServletRequestParametersFormUrlEncoded	PASS
jakarta.servlet.TestServletRequestParametersMultipartEncoded	PASS
jakarta.servlet.TestServletRequestParametersQueryString	PASS
jakarta.servlet.TestServletResponse	PASS
jakarta.servlet.TestSessionCookieConfig	FAIL
jakarta.servlet.annotation.TestServletSecurity	PASS
jakarta.servlet.annotation.TestServletSecurityMappings	PASS
jakarta.servlet.http.TestCookie	PASS
jakarta.servlet.http.TestCookieRFC6265Validator	PASS
jakarta.servlet.http.TestHttpServlet	PASS
jakarta.servlet.http.TestHttpServletDoHeadInvalidWrite0ValidWrite0	PASS
jakarta.servlet.http.TestHttpServletDoHeadInvalidWrite0ValidWrite1	PASS
jakarta.servlet.http.TestHttpServletDoHeadInvalidWrite0ValidWrite1023	PASS
jakarta.servlet.http.TestHttpServletDoHeadInvalidWrite0ValidWrite1024	PASS
jakarta.servlet.http.TestHttpServletDoHeadInvalidWrite0ValidWrite1025	PASS
jakarta.servlet.http.TestHttpServletDoHeadInvalidWrite0ValidWrite511	PASS
jakarta.servlet.http.TestHttpServletDoHeadInvalidWrite0ValidWrite512	HANG
jakarta.servlet.http.TestHttpServletDoHeadInvalidWrite0ValidWrite513	PASS
jakarta.servlet.http.TestHttpServletDoHeadInvalidWrite1023ValidWrite0	PASS
jakarta.servlet.http.TestHttpServletDoHeadInvalidWrite1023ValidWrite1	PASS
jakarta.servlet.http.TestHttpServletDoHeadInvalidWrite1023ValidWrite1023	PASS
jakarta.servlet.http.TestHttpServletDoHeadInvalidWrite1023ValidWrite1024	PASS
jakarta.servlet.http.TestHttpServletDoHeadInvalidWrite1023ValidWrite1025	PASS
jakarta.servlet.http.TestHttpServletDoHeadInvalidWrite1023ValidWrite511	PASS
jakarta.servlet.http.TestHttpServletDoHeadInvalidWrite1023ValidWrite512	PASS
jakarta.servlet.http.TestHttpServletDoHeadInvalidWrite1023ValidWrite513	PASS
jakarta.servlet.http.TestHttpServletDoHeadInvalidWrite1024ValidWrite0	PASS
jakarta.servlet.http.TestHttpServletDoHeadInvalidWrite1024ValidWrite1	PASS
jakarta.servlet.http.TestHttpServletDoHeadInvalidWrite1024ValidWrite1023	PASS
jakarta.servlet.http.TestHttpServletDoHeadInvalidWrite1024ValidWrite1024	PASS
jakarta.servlet.http.TestHttpServletDoHeadInvalidWrite1024ValidWrite1025	PASS
jakarta.servlet.http.TestHttpServletDoHeadInvalidWrite1024ValidWrite511	PASS
jakarta.servlet.http.TestHttpServletDoHeadInvalidWrite1024ValidWrite512	PASS
jakarta.servlet.http.TestHttpServletDoHeadInvalidWrite1024ValidWrite513	PASS
jakarta.servlet.http.TestHttpServletDoHeadInvalidWrite1025ValidWrite0	PASS
jakarta.servlet.http.TestHttpServletDoHeadInvalidWrite1025ValidWrite1	PASS
jakarta.servlet.http.TestHttpServletDoHeadInvalidWrite1025ValidWrite1023	PASS
jakarta.servlet.http.TestHttpServletDoHeadInvalidWrite1025ValidWrite1024	PASS
jakarta.servlet.http.TestHttpServletDoHeadInvalidWrite1025ValidWrite1025	PASS
jakarta.servlet.http.TestHttpServletDoHeadInvalidWrite1025ValidWrite511	PASS
jakarta.servlet.http.TestHttpServletDoHeadInvalidWrite1025ValidWrite512	PASS
jakarta.servlet.http.TestHttpServletDoHeadInvalidWrite1025ValidWrite513	PASS
jakarta.servlet.http.TestHttpServletDoHeadInvalidWrite1ValidWrite0	PASS
jakarta.servlet.http.TestHttpServletDoHeadInvalidWrite1ValidWrite1	PASS
jakarta.servlet.http.TestHttpServletDoHeadInvalidWrite1ValidWrite1023	PASS
jakarta.servlet.http.TestHttpServletDoHeadInvalidWrite1ValidWrite1024	PASS
jakarta.servlet.http.TestHttpServletDoHeadInvalidWrite1ValidWrite1025	PASS
jakarta.servlet.http.TestHttpServletDoHeadInvalidWrite1ValidWrite511	PASS
jakarta.servlet.http.TestHttpServletDoHeadInvalidWrite1ValidWrite512	PASS
jakarta.servlet.http.TestHttpServletDoHeadInvalidWrite1ValidWrite513	PASS
jakarta.servlet.http.TestHttpServletDoHeadInvalidWrite511ValidWrite0	PASS
jakarta.servlet.http.TestHttpServletDoHeadInvalidWrite511ValidWrite1	PASS
jakarta.servlet.http.TestHttpServletDoHeadInvalidWrite511ValidWrite1023	PASS
jakarta.servlet.http.TestHttpServletDoHeadInvalidWrite511ValidWrite1024	PASS
jakarta.servlet.http.TestHttpServletDoHeadInvalidWrite511ValidWrite1025	PASS
jakarta.servlet.http.TestHttpServletDoHeadInvalidWrite511ValidWrite511	PASS
jakarta.servlet.http.TestHttpServletDoHeadInvalidWrite511ValidWrite512	PASS
jakarta.servlet.http.TestHttpServletDoHeadInvalidWrite511ValidWrite513	PASS
jakarta.servlet.http.TestHttpServletDoHeadInvalidWrite512ValidWrite0	PASS
jakarta.servlet.http.TestHttpServletDoHeadInvalidWrite512ValidWrite1	PASS
jakarta.servlet.http.TestHttpServletDoHeadInvalidWrite512ValidWrite1023	PASS
jakarta.servlet.http.TestHttpServletDoHeadInvalidWrite512ValidWrite1024	PASS
jakarta.servlet.http.TestHttpServletDoHeadInvalidWrite512ValidWrite1025	PASS
jakarta.servlet.http.TestHttpServletDoHeadInvalidWrite512ValidWrite511	PASS
jakarta.servlet.http.TestHttpServletDoHeadInvalidWrite512ValidWrite512	PASS
jakarta.servlet.http.TestHttpServletDoHeadInvalidWrite512ValidWrite513	PASS
jakarta.servlet.http.TestHttpServletDoHeadInvalidWrite513ValidWrite0	PASS
jakarta.servlet.http.TestHttpServletDoHeadInvalidWrite513ValidWrite1	PASS
jakarta.servlet.http.TestHttpServletDoHeadInvalidWrite513ValidWrite1023	PASS
jakarta.servlet.http.TestHttpServletDoHeadInvalidWrite513ValidWrite1024	PASS
jakarta.servlet.http.TestHttpServletDoHeadInvalidWrite513ValidWrite1025	PASS
jakarta.servlet.http.TestHttpServletDoHeadInvalidWrite513ValidWrite511	PASS
jakarta.servlet.http.TestHttpServletDoHeadInvalidWrite513ValidWrite512	PASS
jakarta.servlet.http.TestHttpServletDoHeadInvalidWrite513ValidWrite513	PASS
jakarta.servlet.http.TestHttpServletResponseSendError	PASS
jakarta.servlet.jsp.TestPageContext	FAIL
jakarta.servlet.jsp.el.TestImportELResolver	FAIL
jakarta.servlet.jsp.el.TestScopedAttributeELResolver	FAIL
jakarta.servlet.resources.TestSchemaValidation	PASS
org.apache.catalina.ant.TestDeployTask	FAIL
org.apache.catalina.authenticator.TestAuthInfoResponseHeaders	PASS
org.apache.catalina.authenticator.TestAuthenticatorBaseCorsPreflight	PASS
org.apache.catalina.authenticator.TestBasicAuthParser	PASS
org.apache.catalina.authenticator.TestDigestAuthenticator	PASS
org.apache.catalina.authenticator.TestDigestAuthenticatorAlgorithms	PASS
org.apache.catalina.authenticator.TestDigestAuthenticatorB	PASS
org.apache.catalina.authenticator.TestFormAuthenticatorA	HANG
org.apache.catalina.authenticator.TestFormAuthenticatorB	HANG
org.apache.catalina.authenticator.TestFormAuthenticatorC	HANG
org.apache.catalina.authenticator.TestJaspicCallbackHandlerInAuthenticator	PASS
org.apache.catalina.authenticator.TestNonLoginAndBasicAuthenticator	PASS
org.apache.catalina.authenticator.TestSSLAuthenticator	PASS
org.apache.catalina.authenticator.TestSSOChangeSessionId	PASS
org.apache.catalina.authenticator.TestSSOnonLoginAndBasicAuthenticator	PASS
org.apache.catalina.authenticator.TestSSOnonLoginAndDigestAuthenticator	PASS
org.apache.catalina.authenticator.jaspic.TestAuthConfigFactoryImpl	PASS
org.apache.catalina.authenticator.jaspic.TestPersistentProviderRegistrations	PASS
org.apache.catalina.authenticator.jaspic.TestSimpleServerAuthConfig	PASS
org.apache.catalina.connector.TestClientReadTimeout	PASS
org.apache.catalina.connector.TestConnector	PASS
org.apache.catalina.connector.TestCoyoteAdapter	PASS
org.apache.catalina.connector.TestCoyoteAdapterCanonicalization	PASS
org.apache.catalina.connector.TestCoyoteAdapterRequestFuzzing	PASS
org.apache.catalina.connector.TestCoyoteInputStream	PASS
org.apache.catalina.connector.TestCoyoteOutputStream	PASS
org.apache.catalina.connector.TestInputBuffer	PASS
org.apache.catalina.connector.TestKeepAliveCount	PASS
org.apache.catalina.connector.TestMaxConnections	PASS
org.apache.catalina.connector.TestOutputBuffer	PASS
org.apache.catalina.connector.TestRequest	PASS
org.apache.catalina.connector.TestResponse	PASS
org.apache.catalina.connector.TestResponsePerformance	NOSUMMARY
org.apache.catalina.connector.TestSendFile	PASS
org.apache.catalina.connector.TestValidateClientSessionId	PASS
org.apache.catalina.core.TestApplicationContext	FAIL
org.apache.catalina.core.TestApplicationContextGetRequestDispatcher	PASS
org.apache.catalina.core.TestApplicationContextGetRequestDispatcherB	PASS
org.apache.catalina.core.TestApplicationContextGetRequestDispatcherC	PASS
org.apache.catalina.core.TestApplicationContextStripPathParams	PASS
org.apache.catalina.core.TestApplicationDispatcher	FAIL
org.apache.catalina.core.TestApplicationFilterConfig	PASS
org.apache.catalina.core.TestApplicationHttpRequest	PASS
org.apache.catalina.core.TestApplicationMapping	PASS
org.apache.catalina.core.TestApplicationSessionCookieConfig	PASS
org.apache.catalina.core.TestAprLifecycleListener	PASS
org.apache.catalina.core.TestAsyncContextImpl	PASS
org.apache.catalina.core.TestAsyncContextImplDispatch	PASS
org.apache.catalina.core.TestAsyncContextImplListenerOnComplete	PASS
org.apache.catalina.core.TestAsyncContextIoError	PASS
org.apache.catalina.core.TestAsyncContextStateChanges	PASS
org.apache.catalina.core.TestContextNamingInfoListener	PASS
org.apache.catalina.core.TestDefaultInstanceManager	PASS
org.apache.catalina.core.TestNamingContextListener	PASS
org.apache.catalina.core.TestPropertiesRoleMappingListener	PASS
org.apache.catalina.core.TestStandardContext	PASS
org.apache.catalina.core.TestStandardContextAliases	PASS
org.apache.catalina.core.TestStandardContextResources	HANG
org.apache.catalina.core.TestStandardContextValve	PASS
org.apache.catalina.core.TestStandardHostValve	PASS
org.apache.catalina.core.TestStandardService	PASS
org.apache.catalina.core.TestStandardWrapper	FAIL
org.apache.catalina.core.TestSwallowAbortedUploads	PASS
org.apache.catalina.filters.TestAddCharSetFilter	PASS
org.apache.catalina.filters.TestCorsFilter	PASS
org.apache.catalina.filters.TestCsrfPreventionFilter	PASS
org.apache.catalina.filters.TestCsrfPreventionFilter2	PASS
org.apache.catalina.filters.TestExpiresFilter	PASS
org.apache.catalina.filters.TestHttpHeaderSecurityFilter	PASS
org.apache.catalina.filters.TestRateLimitFilter	PASS
org.apache.catalina.filters.TestRateLimitFilterWithExactRateLimiter	PASS
org.apache.catalina.filters.TestRemoteCIDRFilter	PASS
org.apache.catalina.filters.TestRemoteIpFilter	PASS
org.apache.catalina.filters.TestRestCsrfPreventionFilter	PASS
org.apache.catalina.filters.TestRestCsrfPreventionFilter2	PASS
org.apache.catalina.ha.context.TestReplicatedContext	PASS
org.apache.catalina.ha.session.TestDeltaRequest	PASS
org.apache.catalina.loader.TestVirtualContext	FAIL
org.apache.catalina.loader.TestVirtualWebappLoader	PASS
org.apache.catalina.loader.TestWebappClassLoader	FAIL
org.apache.catalina.loader.TestWebappClassLoaderExecutorMemoryLeak	PASS
org.apache.catalina.loader.TestWebappClassLoaderMemoryLeak	PASS
org.apache.catalina.loader.TestWebappClassLoaderWeaving	PASS
org.apache.catalina.manager.TestHostManagerWebapp	FAIL
org.apache.catalina.manager.TestManagerWebapp	FAIL
org.apache.catalina.manager.TestManagerWebappSsl	FAIL
org.apache.catalina.manager.TestStatusTransformer	FAIL
org.apache.catalina.mapper.TestMapper	PASS
org.apache.catalina.mapper.TestMapperListener	FAIL
org.apache.catalina.mapper.TestMapperPerformance	FAIL
org.apache.catalina.mapper.TestMapperWebapps	FAIL
org.apache.catalina.mbeans.TestRegistration	PASS
org.apache.catalina.nonblocking.TestNonBlockingAPI	CRASH
org.apache.catalina.realm.TestDataSourceRealm	PASS
org.apache.catalina.realm.TestGenericPrincipal	PASS
org.apache.catalina.realm.TestJAASRealm	PASS
org.apache.catalina.realm.TestJNDIRealm	PASS
org.apache.catalina.realm.TestJNDIRealmAttributeValueEscape	PASS
org.apache.catalina.realm.TestJNDIRealmConvertToHexEscape	PASS
org.apache.catalina.realm.TestJNDIRealmIntegration	HANG
org.apache.catalina.realm.TestLockoutRealm	PASS
org.apache.catalina.realm.TestMemoryRealm	PASS
org.apache.catalina.realm.TestMessageDigestCredentialHandler	PASS
org.apache.catalina.realm.TestRealmBase	PASS
org.apache.catalina.realm.TestSecretKeyCredentialHandler	PASS
org.apache.catalina.servlets.TestCGIServletCmdLineArguments	PASS
org.apache.catalina.servlets.TestDefaultServlet	FAIL
org.apache.catalina.servlets.TestDefaultServletEncodingPassThroughBom	HANG
org.apache.catalina.servlets.TestDefaultServletEncodingWithBom	HANG
org.apache.catalina.servlets.TestDefaultServletEncodingWithoutBom	PASS
org.apache.catalina.servlets.TestDefaultServletIfMatchRequests	PASS
org.apache.catalina.servlets.TestDefaultServletOptions	PASS
org.apache.catalina.servlets.TestDefaultServletPut	PASS
org.apache.catalina.servlets.TestDefaultServletRangeRequests	PASS
org.apache.catalina.servlets.TestDefaultServletRedirect	PASS
org.apache.catalina.servlets.TestDefaultServletRfc9110Section13	PASS
org.apache.catalina.servlets.TestDefaultServletRfc9110Section14	PASS
org.apache.catalina.servlets.TestWebdavBoundedByteArrayOutputStream	PASS
org.apache.catalina.servlets.TestWebdavPropertyStore	PASS
org.apache.catalina.servlets.TestWebdavServlet	FAIL
org.apache.catalina.servlets.TestWebdavServletOptionCollection	PASS
org.apache.catalina.servlets.TestWebdavServletOptionsFile	PASS
org.apache.catalina.servlets.TestWebdavServletOptionsUnknown	PASS
org.apache.catalina.session.TestFileStore	PASS
org.apache.catalina.session.TestFileStoreConcurrency	PASS
org.apache.catalina.session.TestPersistentManager	PASS
org.apache.catalina.session.TestPersistentManagerDataSourceStore	PASS
org.apache.catalina.session.TestPersistentManagerFileStore	PASS
org.apache.catalina.session.TestPersistentManagerIntegration	PASS
org.apache.catalina.session.TestStandardSession	PASS
org.apache.catalina.session.TestStandardSessionAccessor	PASS
org.apache.catalina.session.TestStandardSessionIntegration	PASS
org.apache.catalina.ssi.TestExpressionParseTree	PASS
org.apache.catalina.ssi.TestRegExpCapture	PASS
org.apache.catalina.ssi.TestSsiServlet	PASS
org.apache.catalina.startup.TestBootstrap	PASS
org.apache.catalina.startup.TestContextConfig	HANG
org.apache.catalina.startup.TestContextConfigAnnotation	PASS
org.apache.catalina.startup.TestHostConfigAutomaticDeploymentAddition	HANG
org.apache.catalina.startup.TestHostConfigAutomaticDeploymentBrokenApp	PASS
org.apache.catalina.startup.TestHostConfigAutomaticDeploymentContextClassName	PASS
org.apache.catalina.startup.TestHostConfigAutomaticDeploymentCopyXML	HANG
org.apache.catalina.startup.TestHostConfigAutomaticDeploymentDeleteA	HANG
org.apache.catalina.startup.TestHostConfigAutomaticDeploymentDeleteB	HANG
org.apache.catalina.startup.TestHostConfigAutomaticDeploymentDeleteC	HANG
org.apache.catalina.startup.TestHostConfigAutomaticDeploymentDir	HANG
org.apache.catalina.startup.TestHostConfigAutomaticDeploymentDirXml	HANG
org.apache.catalina.startup.TestHostConfigAutomaticDeploymentModification	HANG
org.apache.catalina.startup.TestHostConfigAutomaticDeploymentUnpackWAR	HANG
org.apache.catalina.startup.TestHostConfigAutomaticDeploymentUpdateWarOffline	HANG
org.apache.catalina.startup.TestHostConfigAutomaticDeploymentWar	HANG
org.apache.catalina.startup.TestHostConfigAutomaticDeploymentWarXml	HANG
org.apache.catalina.startup.TestHostConfigAutomaticDeploymentXml	PASS
org.apache.catalina.startup.TestHostConfigAutomaticDeploymentXmlExternalDirXml	HANG
org.apache.catalina.startup.TestHostConfigAutomaticDeploymentXmlExternalWarXml	HANG
org.apache.catalina.startup.TestListener	PASS
org.apache.catalina.startup.TestMultipartConfig	PASS
org.apache.catalina.startup.TestPropertySources	PASS
org.apache.catalina.startup.TestStartupIPv6Connectors	PASS
org.apache.catalina.startup.TestStrictServletComplianceAttributes	PASS
org.apache.catalina.startup.TestTomcat	HANG
org.apache.catalina.startup.TestTomcatClassLoader	PASS
org.apache.catalina.startup.TestTomcatNoServer	FAIL
org.apache.catalina.startup.TestTomcatStandalone	PASS
org.apache.catalina.startup.TestWebappServiceLoader	PASS
org.apache.catalina.startup.TestXmlValidationUsingContext	PASS
org.apache.catalina.storeconfig.TestStoreConfig	PASS
org.apache.catalina.storeconfig.TestStoreRegistry	PASS
org.apache.catalina.tribes.group.TestGroupChannelMemberArrival	PASS
org.apache.catalina.tribes.group.TestGroupChannelOptionFlag	PASS
org.apache.catalina.tribes.group.TestGroupChannelSenderConnections	PASS
org.apache.catalina.tribes.group.TestGroupChannelStartStop	PASS
org.apache.catalina.tribes.group.interceptors.TestDomainFilterInterceptor	PASS
org.apache.catalina.tribes.group.interceptors.TestEncryptInterceptor	PASS
org.apache.catalina.tribes.group.interceptors.TestEncryptInterceptorAlgorithms	PASS
org.apache.catalina.tribes.group.interceptors.TestEncryptInterceptorLargeHeap	FAIL
org.apache.catalina.tribes.group.interceptors.TestGzipInterceptor	PASS
org.apache.catalina.tribes.group.interceptors.TestNonBlockingCoordinator	PASS
org.apache.catalina.tribes.group.interceptors.TestOrderInterceptor	PASS
org.apache.catalina.tribes.group.interceptors.TestTcpFailureDetector	PASS
org.apache.catalina.tribes.io.TestChannelData	PASS
org.apache.catalina.tribes.io.TestXByteBuffer	PASS
org.apache.catalina.tribes.membership.TestMemberImplSerialization	PASS
org.apache.catalina.tribes.membership.TestMembership	PASS
org.apache.catalina.tribes.membership.cloud.TestKubernetesJson	PASS
org.apache.catalina.users.TestDataSourceUserDatabase	PASS
org.apache.catalina.users.TestMemoryUserDatabase	PASS
org.apache.catalina.util.TestContextName	PASS
org.apache.catalina.util.TestContextNameExtractFromPath	PASS
org.apache.catalina.util.TestFilterUtil	PASS
org.apache.catalina.util.TestNetMask	PASS
org.apache.catalina.util.TestNetMaskSet	PASS
org.apache.catalina.util.TestParameterMap	PASS
org.apache.catalina.util.TestServerInfo	PASS
org.apache.catalina.util.TestTimeBucketCounter	PASS
org.apache.catalina.util.TestURLEncoder	PASS
org.apache.catalina.valves.TestAbstractAccessLogValveEscape	PASS
org.apache.catalina.valves.TestAccessLogValve	PASS
org.apache.catalina.valves.TestAccessLogValveDateFormatCache	PASS
org.apache.catalina.valves.TestAccessLogValveFile	PASS
org.apache.catalina.valves.TestCrawlerSessionManagerValve	PASS
org.apache.catalina.valves.TestExtendedAccessLogValve	PASS
org.apache.catalina.valves.TestExtendedAccessLogValveWrap	PASS
org.apache.catalina.valves.TestFilterValve	PASS
org.apache.catalina.valves.TestHealthCheckValve	PASS
org.apache.catalina.valves.TestJsonErrorReportValve	PASS
org.apache.catalina.valves.TestLoadBalancerDrainingValve	PASS
org.apache.catalina.valves.TestParameterLimitValve	PASS
org.apache.catalina.valves.TestParameterLimitValveConfig	PASS
org.apache.catalina.valves.TestPatternTokenizer	PASS
org.apache.catalina.valves.TestPersistentValve	PASS
org.apache.catalina.valves.TestProxyErrorReportValve	PASS
org.apache.catalina.valves.TestRemoteIpValve	PASS
org.apache.catalina.valves.TestRequestFilterValve	PASS
org.apache.catalina.valves.TestSSLValve	PASS
org.apache.catalina.valves.TestSemaphoreValve	PASS
org.apache.catalina.valves.TestStuckThreadDetectionValve	PASS
org.apache.catalina.valves.rewrite.TestQuotedStringTokenizer	PASS
org.apache.catalina.valves.rewrite.TestResolverSSL	FAIL
org.apache.catalina.valves.rewrite.TestRewriteValve	PASS
org.apache.catalina.webresources.TestAbstractArchiveResource	PASS
org.apache.catalina.webresources.TestAbstractArchiveResourceSet	PASS
org.apache.catalina.webresources.TestCachedResource	HANG
org.apache.catalina.webresources.TestClasspathUrlStreamHandler	PASS
org.apache.catalina.webresources.TestDirResourceSet	FAIL
org.apache.catalina.webresources.TestDirResourceSetInternal	FAIL
org.apache.catalina.webresources.TestDirResourceSetMount	FAIL
org.apache.catalina.webresources.TestDirResourceSetMountTrailing	FAIL
org.apache.catalina.webresources.TestDirResourceSetReadOnly	FAIL
org.apache.catalina.webresources.TestDirResourceSetVirtual	FAIL
org.apache.catalina.webresources.TestFileResourceSet	FAIL
org.apache.catalina.webresources.TestFileResourceSetReadOnly	FAIL
org.apache.catalina.webresources.TestFileResourceSetVirtual	PASS
org.apache.catalina.webresources.TestJarContents	PASS
org.apache.catalina.webresources.TestJarInputStreamWrapper	PASS
org.apache.catalina.webresources.TestJarResourceSet	PASS
org.apache.catalina.webresources.TestJarResourceSetInternal	PASS
org.apache.catalina.webresources.TestJarResourceSetMount	PASS
org.apache.catalina.webresources.TestJarResourceSetMountTrailing	PASS
org.apache.catalina.webresources.TestJarWarResourceSet	PASS
org.apache.catalina.webresources.TestResourceJars	PASS
org.apache.catalina.webresources.TestStandardRoot	PASS
org.apache.catalina.webresources.TestTomcatURLStreamHandlerFactory	PASS
org.apache.catalina.webresources.TestWebResourceContentType	PASS
org.apache.catalina.webresources.war.TestHandler	PASS
org.apache.catalina.webresources.war.TestHandlerIntegration	PASS
org.apache.catalina.webresources.war.TestWarURLConnection	PASS
org.apache.coyote.TestCompressionConfig	PASS
org.apache.coyote.TestIoTimeouts	PASS
org.apache.coyote.TestRequest	PASS
org.apache.coyote.TestResponse	PASS
org.apache.coyote.ajp.TestAbstractAjpProcessor	FAIL
org.apache.coyote.http11.TestHttp11InputBuffer	PASS
org.apache.coyote.http11.TestHttp11InputBufferCRLF	PASS
org.apache.coyote.http11.TestHttp11OutputBuffer	PASS
org.apache.coyote.http11.TestHttp11Processor	FAIL
org.apache.coyote.http11.TestHttp11ProcessorDoHead	PASS
org.apache.coyote.http11.filters.TestChunkedInputFilter	PASS
org.apache.coyote.http11.filters.TestChunkedOutputFilter	PASS
org.apache.coyote.http11.filters.TestGzipOutputFilter	PASS
org.apache.coyote.http11.upgrade.TestUpgrade	PASS
org.apache.coyote.http11.upgrade.TestUpgradeInternalHandler	PASS
org.apache.coyote.http2.TestAsync	PASS
org.apache.coyote.http2.TestAsyncError	PASS
org.apache.coyote.http2.TestAsyncFlush	PASS
org.apache.coyote.http2.TestAsyncReadListener	PASS
org.apache.coyote.http2.TestAsyncTimeout	PASS
org.apache.coyote.http2.TestByteUtil	PASS
org.apache.coyote.http2.TestCancelledUpload	PASS
org.apache.coyote.http2.TestFlowControl	PASS
org.apache.coyote.http2.TestHPackHuffman	PASS
org.apache.coyote.http2.TestHpack	PASS
org.apache.coyote.http2.TestHttp2AccessLogs	PASS
org.apache.coyote.http2.TestHttp2ConnectionTimeouts	PASS
org.apache.coyote.http2.TestHttp2InitialConnection	PASS
org.apache.coyote.http2.TestHttp2Limits	PASS
org.apache.coyote.http2.TestHttp2RequestParameters	PASS
org.apache.coyote.http2.TestHttp2Section_3_2	PASS
org.apache.coyote.http2.TestHttp2Section_3_5	PASS
org.apache.coyote.http2.TestHttp2Section_4_1	PASS
org.apache.coyote.http2.TestHttp2Section_4_2	PASS
org.apache.coyote.http2.TestHttp2Section_4_3	PASS
org.apache.coyote.http2.TestHttp2Section_5_1	PASS
org.apache.coyote.http2.TestHttp2Section_5_2	PASS
org.apache.coyote.http2.TestHttp2Section_5_5	PASS
org.apache.coyote.http2.TestHttp2Section_6_1	PASS
org.apache.coyote.http2.TestHttp2Section_6_2	PASS
org.apache.coyote.http2.TestHttp2Section_6_3	PASS
org.apache.coyote.http2.TestHttp2Section_6_4	PASS
org.apache.coyote.http2.TestHttp2Section_6_5	PASS
org.apache.coyote.http2.TestHttp2Section_6_7	PASS
org.apache.coyote.http2.TestHttp2Section_6_8	PASS
org.apache.coyote.http2.TestHttp2Section_6_9	PASS
org.apache.coyote.http2.TestHttp2Section_8_1	PASS
org.apache.coyote.http2.TestHttp2Section_8_2	HANG
org.apache.coyote.http2.TestHttp2Section_8_3	PASS
org.apache.coyote.http2.TestHttp2Section_8_5	PASS
org.apache.coyote.http2.TestHttp2Timeouts	PASS
org.apache.coyote.http2.TestHttp2UpgradeHandler	PASS
org.apache.coyote.http2.TestHttpServlet	PASS
org.apache.coyote.http2.TestLargeUpload	FAIL
org.apache.coyote.http2.TestRfc9218	PASS
org.apache.coyote.http2.TestStandardSessionIntegrationHttp2	PASS
org.apache.coyote.http2.TestStream	PASS
org.apache.coyote.http2.TestStreamProcessor	PASS
org.apache.coyote.http2.TestStreamQueryString	PASS
org.apache.el.TestELEvaluation	PASS
org.apache.el.TestELInJsp	FAIL
org.apache.el.TestExpressionFactory	PASS
org.apache.el.TestMethodExpressionImpl	PASS
org.apache.el.TestValueExpressionImpl	PASS
org.apache.el.lang.TestELArithmetic	PASS
org.apache.el.lang.TestELSupport	PASS
org.apache.el.parser.TestAstAnd	PASS
org.apache.el.parser.TestAstAssign	PASS
org.apache.el.parser.TestAstChoice	PASS
org.apache.el.parser.TestAstConcatenation	PASS
org.apache.el.parser.TestAstEmpty	PASS
org.apache.el.parser.TestAstFloatingPoint	PASS
org.apache.el.parser.TestAstFunction	PASS
org.apache.el.parser.TestAstIdentifier	PASS
org.apache.el.parser.TestAstInteger	PASS
org.apache.el.parser.TestAstLambdaExpression	PASS
org.apache.el.parser.TestAstListData	PASS
org.apache.el.parser.TestAstMapData	PASS
org.apache.el.parser.TestAstNot	PASS
org.apache.el.parser.TestAstNotEmpty	PASS
org.apache.el.parser.TestAstOr	PASS
org.apache.el.parser.TestAstSemicolon	PASS
org.apache.el.parser.TestAstSetData	PASS
org.apache.el.parser.TestAstValue	PASS
org.apache.el.parser.TestELParser	PASS
org.apache.el.parser.TestELParserPerformance	HANG
org.apache.el.stream.TestCollectionOperations	PASS
org.apache.el.util.TestMessageFactory	PASS
org.apache.el.util.TestReflectionUtil	PASS
org.apache.jasper.TestJspC	FAIL
org.apache.jasper.TestJspCompilationContext	FAIL
org.apache.jasper.compiler.TestAttributeParser	PASS
org.apache.jasper.compiler.TestCompiler	FAIL
org.apache.jasper.compiler.TestELInterpreterFactory	PASS
org.apache.jasper.compiler.TestELParser	PASS
org.apache.jasper.compiler.TestEncodingDetector	FAIL
org.apache.jasper.compiler.TestGenerator	HANG
org.apache.jasper.compiler.TestJspConfig	HANG
org.apache.jasper.compiler.TestJspDocumentParser	FAIL
org.apache.jasper.compiler.TestJspReader	FAIL
org.apache.jasper.compiler.TestJspUtil	FAIL
org.apache.jasper.compiler.TestJspUtilMakeJavaPackage	PASS
org.apache.jasper.compiler.TestNode	PASS
org.apache.jasper.compiler.TestNodeIntegration	FAIL
org.apache.jasper.compiler.TestNonstandardTagPerformance	FAIL
org.apache.jasper.compiler.TestParser	FAIL
org.apache.jasper.compiler.TestParserNoStrictWhitespace	FAIL
org.apache.jasper.compiler.TestScriptingVariabler	PASS
org.apache.jasper.compiler.TestSmapStratum	PASS
org.apache.jasper.compiler.TestTagLibraryInfoImpl	FAIL
org.apache.jasper.compiler.TestTagPluginManager	PASS
org.apache.jasper.compiler.TestValidator	HANG
org.apache.jasper.el.TestJasperELResolver	PASS
org.apache.jasper.optimizations.TestELInterpreterTagSetters	FAIL
org.apache.jasper.optimizations.TestStringInterpreterEnum	PASS
org.apache.jasper.optimizations.TestStringInterpreterTagSetters	FAIL
org.apache.jasper.runtime.TestCustomHttpJspPage	FAIL
org.apache.jasper.runtime.TestJspContextWrapper	FAIL
org.apache.jasper.runtime.TestJspRuntimeLibrary	FAIL
org.apache.jasper.runtime.TestJspWriterImpl	FAIL
org.apache.jasper.runtime.TestPageContextImpl	FAIL
org.apache.jasper.servlet.TestJasperInitializer	PASS
org.apache.jasper.servlet.TestJspCServletContext	PASS
org.apache.jasper.servlet.TestJspServlet	FAIL
org.apache.jasper.servlet.TestTldScanner	FAIL
org.apache.jasper.tagplugins.jstl.core.TestForEach	FAIL
org.apache.jasper.tagplugins.jstl.core.TestOut	FAIL
org.apache.jasper.tagplugins.jstl.core.TestSet	FAIL
org.apache.jasper.util.TestFastRemovalDequeue	PASS
org.apache.juli.TestAsyncFileHandlerOverflow	PASS
org.apache.juli.TestClassLoaderLogManager	PASS
org.apache.juli.TestDateFormatCache	PASS
org.apache.juli.TestFileHandler	PASS
org.apache.juli.TestFileHandlerNonRotatable	PASS
org.apache.juli.TestJsonFormatter	PASS
org.apache.juli.TestLogUtil	PASS
org.apache.juli.TestOneLineFormatterPerformance	HANG
org.apache.juli.TestPerWebappJuliIntegration	PASS
org.apache.juli.TestThreadNameCache	PASS
org.apache.naming.TestEnvEntry	HANG
org.apache.naming.TestNamingContext	PASS
org.apache.naming.factory.TestBeanFactory	PASS
org.apache.naming.resources.TestNamingContext	FAIL
org.apache.naming.resources.TestWarDirContext	HANG
org.apache.tomcat.integration.httpd.TestBasicProxy	FAIL
org.apache.tomcat.integration.httpd.TestChunkedTransferEncodingWithProxy	NOSUMMARY
org.apache.tomcat.integration.httpd.TestFullReverseProxy	FAIL
org.apache.tomcat.integration.httpd.TestLargePayloadWithProxy	FAIL
org.apache.tomcat.integration.httpd.TestRemoteIpValveWithProxy	FAIL
org.apache.tomcat.integration.httpd.TestSSLValveWithProxy01	FAIL
org.apache.tomcat.integration.httpd.TestSSLValveWithProxy02	FAIL
org.apache.tomcat.integration.httpd.TestSessionWithProxy	FAIL
org.apache.tomcat.security.TestSecurity2017Ocsp	PASS
org.apache.tomcat.security.TestSecurity2018	FAIL
org.apache.tomcat.security.TestSecurity2019	PASS
org.apache.tomcat.security.TestSecurity2023	PASS
org.apache.tomcat.security.TestSecurity2025Http2	PASS
org.apache.tomcat.util.TestIntrospectionUtils	PASS
org.apache.tomcat.util.buf.TestAscii	PASS
org.apache.tomcat.util.buf.TestB2CConverter	PASS
org.apache.tomcat.util.buf.TestByteChunk	PASS
org.apache.tomcat.util.buf.TestByteChunkLargeHeap	NOSUMMARY
org.apache.tomcat.util.buf.TestCharChunk	PASS
org.apache.tomcat.util.buf.TestCharChunkLargeHeap	NOSUMMARY
org.apache.tomcat.util.buf.TestCharsetCache	PASS
org.apache.tomcat.util.buf.TestCharsetCachePerformance	HANG
org.apache.tomcat.util.buf.TestCharsetUtil	PASS
org.apache.tomcat.util.buf.TestHexUtils	PASS
org.apache.tomcat.util.buf.TestMessageBytes	PASS
org.apache.tomcat.util.buf.TestMessageBytesConversion	PASS
org.apache.tomcat.util.buf.TestStringCache	PASS
org.apache.tomcat.util.buf.TestStringUtils	PASS
org.apache.tomcat.util.buf.TestUDecoder	PASS
org.apache.tomcat.util.buf.TestUEncoder	PASS
org.apache.tomcat.util.buf.TestUriUtil	PASS
org.apache.tomcat.util.buf.TestUriUtil24	PASS
org.apache.tomcat.util.buf.TestUriUtil26	PASS
org.apache.tomcat.util.buf.TestUriUtil2A	PASS
org.apache.tomcat.util.buf.TestUriUtil40	PASS
org.apache.tomcat.util.buf.TestUriUtilIsAbsoluteURI	PASS
org.apache.tomcat.util.buf.TestUtf8	PASS
org.apache.tomcat.util.collections.TestCaseInsensitiveKeyMap	PASS
org.apache.tomcat.util.collections.TestConcurrentLruCache	PASS
org.apache.tomcat.util.collections.TestSynchronizedQueue	PASS
org.apache.tomcat.util.collections.TestSynchronizedStack	PASS
org.apache.tomcat.util.concurrent.TestKeyedReentrantReadWriteLock	PASS
org.apache.tomcat.util.descriptor.TestLocalResolver	PASS
org.apache.tomcat.util.descriptor.tld.TestImplicitTldParser	PASS
org.apache.tomcat.util.descriptor.tld.TestTldParser	PASS
org.apache.tomcat.util.descriptor.web.TestFilterDef	PASS
org.apache.tomcat.util.descriptor.web.TestJspConfigDescriptorImpl	PASS
org.apache.tomcat.util.descriptor.web.TestJspPropertyGroup	PASS
org.apache.tomcat.util.descriptor.web.TestJspPropertyGroupDescriptorImpl	PASS
org.apache.tomcat.util.descriptor.web.TestSecurityConstraint	PASS
org.apache.tomcat.util.descriptor.web.TestServletDef	PASS
org.apache.tomcat.util.descriptor.web.TestWebRuleSet	PASS
org.apache.tomcat.util.descriptor.web.TestWebXml	HANG
org.apache.tomcat.util.descriptor.web.TestWebXmlOrdering	PASS
org.apache.tomcat.util.digester.TestObjectCreateRule	PASS
org.apache.tomcat.util.file.TestConfigFileLoader	PASS
org.apache.tomcat.util.http.TestConcurrentDateFormat	PASS
org.apache.tomcat.util.http.TestCookieParsing	PASS
org.apache.tomcat.util.http.TestCookieProcessorGeneration	PASS
org.apache.tomcat.util.http.TestCookieProcessorGenerationHttp	PASS
org.apache.tomcat.util.http.TestCookies	PASS
org.apache.tomcat.util.http.TestFastHttpDateFormat	PASS
org.apache.tomcat.util.http.TestHeaderUtiltoPrintableString	PASS
org.apache.tomcat.util.http.TestMethod	PASS
org.apache.tomcat.util.http.TestMethodPerformance	FAIL
org.apache.tomcat.util.http.TestMimeHeaders	PASS
org.apache.tomcat.util.http.TestMimeHeadersIntegration	PASS
org.apache.tomcat.util.http.TestParameters	PASS
org.apache.tomcat.util.http.TestRequestUtilNormalize	PASS
org.apache.tomcat.util.http.TestRequestUtilSameOrigin	PASS
org.apache.tomcat.util.http.TestResponseUtil	PASS
org.apache.tomcat.util.http.TestSameSiteCookies	PASS
org.apache.tomcat.util.http.parser.TestAcceptLanguage	PASS
org.apache.tomcat.util.http.parser.TestAuthorizationDigest	PASS
org.apache.tomcat.util.http.parser.TestChunkExtension	PASS
org.apache.tomcat.util.http.parser.TestHttpParser	PASS
org.apache.tomcat.util.http.parser.TestHttpParserHost	PASS
org.apache.tomcat.util.http.parser.TestMediaType	PASS
org.apache.tomcat.util.http.parser.TestPriority	PASS
org.apache.tomcat.util.http.parser.TestRanges	PASS
org.apache.tomcat.util.http.parser.TestTE	PASS
org.apache.tomcat.util.http.parser.TestTokenList	PASS
org.apache.tomcat.util.http.parser.TestUpgrade	PASS
org.apache.tomcat.util.json.TestJSONFilter	PASS
org.apache.tomcat.util.net.TestAlpnFallback	FAIL
org.apache.tomcat.util.net.TestClientCert	FAIL
org.apache.tomcat.util.net.TestClientCertTls13	FAIL
org.apache.tomcat.util.net.TestCustomSsl	HANG
org.apache.tomcat.util.net.TestCustomSslTrustManager	FAIL
org.apache.tomcat.util.net.TestIPv6Utils	PASS
org.apache.tomcat.util.net.TestKeyManagerWrappingFips	PASS
org.apache.tomcat.util.net.TestLargeClientHello	PASS
org.apache.tomcat.util.net.TestPQC	PASS
org.apache.tomcat.util.net.TestSSLHostConfig	PASS
org.apache.tomcat.util.net.TestSSLHostConfigCipher	FAIL
org.apache.tomcat.util.net.TestSSLHostConfigCompat	FAIL
org.apache.tomcat.util.net.TestSSLHostConfigIntegration	PASS
org.apache.tomcat.util.net.TestSSLHostConfigProtocol	PASS
org.apache.tomcat.util.net.TestSocketBufferHandler	PASS
org.apache.tomcat.util.net.TestSsl	HANG
org.apache.tomcat.util.net.TestSslHandshakeFailure	FAIL
org.apache.tomcat.util.net.TestTLSClientHelloExtractor	PASS
org.apache.tomcat.util.net.TestXxxEndpoint	FAIL
org.apache.tomcat.util.net.jsse.TestPEMFile	PASS
org.apache.tomcat.util.net.ocsp.TestOcspEnabled	FAIL
org.apache.tomcat.util.net.ocsp.TestOcspSoftFail	FAIL
org.apache.tomcat.util.net.ocsp.TestOcspSoftFailInternalError	FAIL
org.apache.tomcat.util.net.ocsp.TestOcspSoftFailTryLater	FAIL
org.apache.tomcat.util.net.ocsp.TestOcspTimeout	FAIL
org.apache.tomcat.util.net.openssl.TestOpenSSLConf	PASS
org.apache.tomcat.util.net.openssl.ciphers.TestCipher	PASS
org.apache.tomcat.util.net.openssl.ciphers.TestOpenSSLCipherConfigurationParser	PASS
org.apache.tomcat.util.net.openssl.ciphers.TestOpenSSLCipherConfigurationParserOnly	PASS
org.apache.tomcat.util.res.TestStringManager	PASS
org.apache.tomcat.util.scan.TestAbstractInputStreamJar	PASS
org.apache.tomcat.util.scan.TestClassParser	PASS
org.apache.tomcat.util.scan.TestJarScanner	PASS
org.apache.tomcat.util.scan.TestStandardJarScanner	PASS
org.apache.tomcat.util.security.TestConcurrentMessageDigest	PASS
org.apache.tomcat.util.security.TestEscape	PASS
org.apache.tomcat.util.threads.TestLimitLatch	PASS
org.apache.tomcat.websocket.TestPerMessageDeflate	PASS
org.apache.tomcat.websocket.TestUtil	PASS
org.apache.tomcat.websocket.TestWebSocketFrameClient	PASS
org.apache.tomcat.websocket.TestWebSocketFrameClientSSL	CRASH
org.apache.tomcat.websocket.TestWsFrame	PASS
org.apache.tomcat.websocket.TestWsPingPongMessages	PASS
org.apache.tomcat.websocket.TestWsRemoteEndpoint	PASS
org.apache.tomcat.websocket.TestWsSession	PASS
org.apache.tomcat.websocket.TestWsSessionSuspendResume	PASS
org.apache.tomcat.websocket.TestWsSubprotocols	PASS
org.apache.tomcat.websocket.TestWsWebSocketContainer	PASS
org.apache.tomcat.websocket.TestWsWebSocketContainerGetOpenSessions	PASS
org.apache.tomcat.websocket.TestWsWebSocketContainerSSL	PASS
org.apache.tomcat.websocket.TestWsWebSocketContainerSessionExpiryContainerClient	PASS
org.apache.tomcat.websocket.TestWsWebSocketContainerSessionExpiryContainerServer	PASS
org.apache.tomcat.websocket.TestWsWebSocketContainerSessionExpirySession	PASS
org.apache.tomcat.websocket.TestWsWebSocketContainerTimeoutClient	PASS
org.apache.tomcat.websocket.TestWsWebSocketContainerTimeoutServer	PASS
org.apache.tomcat.websocket.pojo.TestEncodingDecoding	PASS
org.apache.tomcat.websocket.pojo.TestPojoEndpointBase	PASS
org.apache.tomcat.websocket.pojo.TestPojoMethodMapping	PASS
org.apache.tomcat.websocket.server.TestAsyncMessagesPerformance	FAIL
org.apache.tomcat.websocket.server.TestClassLoader	PASS
org.apache.tomcat.websocket.server.TestClose	PASS
org.apache.tomcat.websocket.server.TestCloseBug58624	PASS
org.apache.tomcat.websocket.server.TestKeyHeader	PASS
org.apache.tomcat.websocket.server.TestShutdown	PASS
org.apache.tomcat.websocket.server.TestSlowClient	PASS
org.apache.tomcat.websocket.server.TestUriTemplate	PASS
org.apache.tomcat.websocket.server.TestWsRemoteEndpointImplServerDeadlock	PASS
org.apache.tomcat.websocket.server.TestWsServerContainer	PASS
util.TestCookieFilter	PASS
