jakarta.el.TestBeanSupport	PASS
jakarta.el.TestCompositeELResolver	FAIL
jakarta.el.TestOptionalELResolver	PASS
jakarta.el.TestOptionalELResolverInJsp	FAIL
jakarta.servlet.TestSessionCookieConfig	FAIL
jakarta.servlet.http.TestHttpServletDoHeadInvalidWrite0ValidWrite512	PASS
jakarta.servlet.jsp.TestPageContext	FAIL
jakarta.servlet.jsp.el.TestImportELResolver	FAIL
jakarta.servlet.jsp.el.TestScopedAttributeELResolver	FAIL
jakarta.servlet.resources.TestSchemaValidation	FAIL
org.apache.catalina.ant.TestDeployTask	NOSUMMARY
org.apache.catalina.authenticator.TestAuthenticatorBaseCorsPreflight	FAIL
org.apache.catalina.authenticator.TestBasicAuthParser	PASS
org.apache.catalina.authenticator.TestFormAuthenticatorA	FAIL
org.apache.catalina.authenticator.TestFormAuthenticatorB	FAIL
org.apache.catalina.authenticator.TestFormAuthenticatorC	FAIL
org.apache.catalina.authenticator.TestSSLAuthenticator	FAIL
org.apache.catalina.authenticator.jaspic.TestPersistentProviderRegistrations	FAIL
org.apache.catalina.connector.TestConnector	FAIL
org.apache.catalina.connector.TestCoyoteAdapterRequestFuzzing	FAIL
org.apache.catalina.connector.TestCoyoteOutputStream	FAIL
org.apache.catalina.connector.TestResponsePerformance	PASS
org.apache.catalina.core.TestApplicationContext	FAIL
org.apache.catalina.core.TestApplicationDispatcher	FAIL
org.apache.catalina.core.TestApplicationFilterConfig	PASS
org.apache.catalina.core.TestDefaultInstanceManager	FAIL
org.apache.catalina.core.TestPropertiesRoleMappingListener	FAIL
org.apache.catalina.core.TestStandardContext	FAIL
org.apache.catalina.core.TestStandardContextAliases	FAIL
org.apache.catalina.core.TestStandardContextResources	FAIL
org.apache.catalina.core.TestStandardWrapper	FAIL
org.apache.catalina.core.TestSwallowAbortedUploads	PASS
org.apache.catalina.filters.TestAddCharSetFilter	PASS
org.apache.catalina.filters.TestExpiresFilter	FAIL
org.apache.catalina.ha.context.TestReplicatedContext	FAIL
org.apache.catalina.loader.TestVirtualContext	FAIL
org.apache.catalina.loader.TestVirtualWebappLoader	FAIL
org.apache.catalina.loader.TestWebappClassLoader	FAIL
org.apache.catalina.manager.TestHostManagerWebapp	FAIL
org.apache.catalina.manager.TestManagerWebapp	FAIL
org.apache.catalina.manager.TestManagerWebappSsl	FAIL
org.apache.catalina.manager.TestStatusTransformer	FAIL
org.apache.catalina.mapper.TestMapperListener	FAIL
org.apache.catalina.mapper.TestMapperPerformance	PASS
org.apache.catalina.mapper.TestMapperWebapps	FAIL
org.apache.catalina.nonblocking.TestNonBlockingAPI	PASS
org.apache.catalina.realm.TestJNDIRealmIntegration	PASS
org.apache.catalina.servlets.TestDefaultServlet	FAIL
org.apache.catalina.servlets.TestDefaultServletEncodingPassThroughBom	FAIL
org.apache.catalina.servlets.TestDefaultServletEncodingWithBom	FAIL
org.apache.catalina.servlets.TestDefaultServletEncodingWithoutBom	FAIL
org.apache.catalina.servlets.TestDefaultServletIfMatchRequests	FAIL
org.apache.catalina.servlets.TestDefaultServletRangeRequests	FAIL
org.apache.catalina.servlets.TestDefaultServletRedirect	FAIL
org.apache.catalina.servlets.TestDefaultServletRfc9110Section14	FAIL
org.apache.catalina.servlets.TestWebdavServlet	FAIL
org.apache.catalina.ssi.TestRegExpCapture	FAIL
org.apache.catalina.ssi.TestSsiServlet	FAIL
org.apache.catalina.startup.TestContextConfig	FAIL
org.apache.catalina.startup.TestHostConfigAutomaticDeploymentAddition	FAIL
org.apache.catalina.startup.TestHostConfigAutomaticDeploymentBrokenApp	FAIL
org.apache.catalina.startup.TestHostConfigAutomaticDeploymentContextClassName	FAIL
org.apache.catalina.startup.TestHostConfigAutomaticDeploymentCopyXML	FAIL
org.apache.catalina.startup.TestHostConfigAutomaticDeploymentDeleteA	FAIL
org.apache.catalina.startup.TestHostConfigAutomaticDeploymentDeleteB	FAIL
org.apache.catalina.startup.TestHostConfigAutomaticDeploymentDeleteC	FAIL
org.apache.catalina.startup.TestHostConfigAutomaticDeploymentDir	FAIL
org.apache.catalina.startup.TestHostConfigAutomaticDeploymentDirXml	FAIL
org.apache.catalina.startup.TestHostConfigAutomaticDeploymentModification	FAIL
org.apache.catalina.startup.TestHostConfigAutomaticDeploymentUnpackWAR	FAIL
org.apache.catalina.startup.TestHostConfigAutomaticDeploymentUpdateWarOffline	FAIL
org.apache.catalina.startup.TestHostConfigAutomaticDeploymentWar	FAIL
org.apache.catalina.startup.TestHostConfigAutomaticDeploymentWarXml	FAIL
org.apache.catalina.startup.TestHostConfigAutomaticDeploymentXml	FAIL
org.apache.catalina.startup.TestHostConfigAutomaticDeploymentXmlExternalDirXml	FAIL
org.apache.catalina.startup.TestHostConfigAutomaticDeploymentXmlExternalWarXml	FAIL
org.apache.catalina.startup.TestTomcat	FAIL
org.apache.catalina.startup.TestTomcatNoServer	FAIL
org.apache.catalina.tribes.group.interceptors.TestEncryptInterceptorLargeHeap	FAIL
org.apache.catalina.util.TestURLEncoder	PASS
org.apache.catalina.valves.TestSSLValve	PASS
org.apache.catalina.valves.rewrite.TestResolverSSL	FAIL
org.apache.catalina.valves.rewrite.TestRewriteValve	FAIL
org.apache.catalina.webresources.TestAbstractArchiveResource	FAIL
org.apache.catalina.webresources.TestAbstractArchiveResourceSet	FAIL
org.apache.catalina.webresources.TestCachedResource	FAIL
org.apache.catalina.webresources.TestDirResourceSet	FAIL
org.apache.catalina.webresources.TestDirResourceSetInternal	FAIL
org.apache.catalina.webresources.TestDirResourceSetMount	FAIL
org.apache.catalina.webresources.TestDirResourceSetMountTrailing	FAIL
org.apache.catalina.webresources.TestDirResourceSetReadOnly	FAIL
org.apache.catalina.webresources.TestDirResourceSetVirtual	FAIL
org.apache.catalina.webresources.TestFileResourceSet	FAIL
org.apache.catalina.webresources.TestFileResourceSetReadOnly	FAIL
org.apache.catalina.webresources.TestFileResourceSetVirtual	FAIL
org.apache.catalina.webresources.TestJarContents	FAIL
org.apache.catalina.webresources.TestJarInputStreamWrapper	FAIL
org.apache.catalina.webresources.TestJarResourceSet	FAIL
org.apache.catalina.webresources.TestJarResourceSetInternal	FAIL
org.apache.catalina.webresources.TestJarResourceSetMount	FAIL
org.apache.catalina.webresources.TestJarResourceSetMountTrailing	FAIL
org.apache.catalina.webresources.TestJarWarResourceSet	FAIL
org.apache.catalina.webresources.TestResourceJars	FAIL
org.apache.catalina.webresources.TestWebResourceContentType	FAIL
org.apache.catalina.webresources.war.TestHandlerIntegration	FAIL
org.apache.catalina.webresources.war.TestWarURLConnection	FAIL
org.apache.coyote.ajp.TestAbstractAjpProcessor	FAIL
org.apache.coyote.http11.TestHttp11Processor	FAIL
org.apache.coyote.http2.TestHttp2Limits	PASS
org.apache.coyote.http2.TestHttp2Section_8_2	PASS
org.apache.coyote.http2.TestHttp2Section_8_3	FAIL
org.apache.coyote.http2.TestLargeUpload	FAIL
org.apache.coyote.http2.TestStreamProcessor	FAIL
org.apache.el.TestELInJsp	FAIL
org.apache.el.TestValueExpressionImpl	PASS
org.apache.el.parser.TestELParserPerformance	PASS
org.apache.jasper.TestJspC	FAIL
org.apache.jasper.TestJspCompilationContext	FAIL
org.apache.jasper.compiler.TestCompiler	FAIL
org.apache.jasper.compiler.TestELInterpreterFactory	FAIL
org.apache.jasper.compiler.TestEncodingDetector	FAIL
org.apache.jasper.compiler.TestGenerator	FAIL
org.apache.jasper.compiler.TestJspConfig	FAIL
org.apache.jasper.compiler.TestJspDocumentParser	FAIL
org.apache.jasper.compiler.TestJspReader	FAIL
org.apache.jasper.compiler.TestJspUtil	FAIL
org.apache.jasper.compiler.TestNodeIntegration	FAIL
org.apache.jasper.compiler.TestNonstandardTagPerformance	FAIL
org.apache.jasper.compiler.TestParser	FAIL
org.apache.jasper.compiler.TestParserNoStrictWhitespace	FAIL
org.apache.jasper.compiler.TestScriptingVariabler	FAIL
org.apache.jasper.compiler.TestTagLibraryInfoImpl	FAIL
org.apache.jasper.compiler.TestTagPluginManager	FAIL
org.apache.jasper.compiler.TestValidator	FAIL
org.apache.jasper.optimizations.TestELInterpreterTagSetters	FAIL
org.apache.jasper.optimizations.TestStringInterpreterTagSetters	FAIL
org.apache.jasper.runtime.TestCustomHttpJspPage	FAIL
org.apache.jasper.runtime.TestJspContextWrapper	FAIL
org.apache.jasper.runtime.TestJspRuntimeLibrary	FAIL
org.apache.jasper.runtime.TestJspWriterImpl	FAIL
org.apache.jasper.runtime.TestPageContextImpl	FAIL
org.apache.jasper.servlet.TestJspCServletContext	FAIL
org.apache.jasper.servlet.TestJspServlet	FAIL
org.apache.jasper.servlet.TestTldScanner	FAIL
org.apache.jasper.tagplugins.jstl.core.TestForEach	FAIL
org.apache.jasper.tagplugins.jstl.core.TestOut	FAIL
org.apache.jasper.tagplugins.jstl.core.TestSet	FAIL
org.apache.juli.TestOneLineFormatterPerformance	PASS
org.apache.juli.TestThreadNameCache	PASS
org.apache.naming.TestEnvEntry	FAIL
org.apache.naming.resources.TestNamingContext	FAIL
org.apache.naming.resources.TestWarDirContext	FAIL
org.apache.tomcat.integration.httpd.TestBasicProxy	FAIL
org.apache.tomcat.integration.httpd.TestChunkedTransferEncodingWithProxy	FAIL
org.apache.tomcat.integration.httpd.TestFullReverseProxy	FAIL
org.apache.tomcat.integration.httpd.TestLargePayloadWithProxy	FAIL
org.apache.tomcat.integration.httpd.TestRemoteIpValveWithProxy	FAIL
org.apache.tomcat.integration.httpd.TestSSLValveWithProxy01	FAIL
org.apache.tomcat.integration.httpd.TestSSLValveWithProxy02	FAIL
org.apache.tomcat.integration.httpd.TestSessionWithProxy	FAIL
org.apache.tomcat.security.TestSecurity2017Ocsp	FAIL
org.apache.tomcat.security.TestSecurity2018	FAIL
org.apache.tomcat.util.buf.TestB2CConverter	PASS
org.apache.tomcat.util.buf.TestByteChunkLargeHeap	FAIL
org.apache.tomcat.util.buf.TestCharChunkLargeHeap	FAIL
org.apache.tomcat.util.buf.TestCharsetCachePerformance	PASS
org.apache.tomcat.util.descriptor.tld.TestImplicitTldParser	FAIL
org.apache.tomcat.util.descriptor.tld.TestTldParser	FAIL
org.apache.tomcat.util.descriptor.web.TestWebRuleSet	FAIL
org.apache.tomcat.util.descriptor.web.TestWebXml	FAIL
org.apache.tomcat.util.file.TestConfigFileLoader	FAIL
org.apache.tomcat.util.http.TestMethodPerformance	PASS
org.apache.tomcat.util.net.TestAlpnFallback	FAIL
org.apache.tomcat.util.net.TestClientCert	FAIL
org.apache.tomcat.util.net.TestClientCertTls13	FAIL
org.apache.tomcat.util.net.TestCustomSsl	FAIL
org.apache.tomcat.util.net.TestCustomSslTrustManager	FAIL
org.apache.tomcat.util.net.TestLargeClientHello	FAIL
org.apache.tomcat.util.net.TestSSLHostConfigCipher	FAIL
org.apache.tomcat.util.net.TestSSLHostConfigCompat	FAIL
org.apache.tomcat.util.net.TestSSLHostConfigIntegration	FAIL
org.apache.tomcat.util.net.TestSSLHostConfigProtocol	FAIL
org.apache.tomcat.util.net.TestSsl	FAIL
org.apache.tomcat.util.net.TestSslHandshakeFailure	FAIL
org.apache.tomcat.util.net.TestXxxEndpoint	PASS
org.apache.tomcat.util.net.jsse.TestPEMFile	FAIL
org.apache.tomcat.util.net.ocsp.TestOcspEnabled	FAIL
org.apache.tomcat.util.net.ocsp.TestOcspSoftFail	FAIL
org.apache.tomcat.util.net.ocsp.TestOcspSoftFailInternalError	FAIL
org.apache.tomcat.util.net.ocsp.TestOcspSoftFailTryLater	FAIL
org.apache.tomcat.util.net.ocsp.TestOcspTimeout	FAIL
org.apache.tomcat.util.scan.TestAbstractInputStreamJar	FAIL
org.apache.tomcat.util.scan.TestClassParser	FAIL
org.apache.tomcat.websocket.TestWebSocketFrameClientSSL	FAIL
org.apache.tomcat.websocket.TestWsWebSocketContainerSSL	FAIL
org.apache.tomcat.websocket.server.TestAsyncMessagesPerformance	PASS
