org.h2.test.auth.TestAuthentication	PASS
org.h2.test.db.TestAlter	PASS
org.h2.test.db.TestAlterSchemaRename	PASS
org.h2.test.db.TestAlterTableNotFound	PASS
org.h2.test.db.TestAnalyzeTableTx	PASS
org.h2.test.db.TestAutoRecompile	PASS
org.h2.test.db.TestBackup	PASS
org.h2.test.db.TestBigDb	PASS
org.h2.test.db.TestBigResult	PASS
org.h2.test.db.TestCases	HANG
org.h2.test.db.TestCheckpoint	PASS
org.h2.test.db.TestClearCacheAfterDdl	PASS
org.h2.test.db.TestCluster	FAIL
org.h2.test.db.TestCompatibility	PASS
org.h2.test.db.TestCompatibilityOracle	PASS
org.h2.test.db.TestCompatibilitySQLServer	PASS
org.h2.test.db.TestCompoundIndexParamSearch	PASS
org.h2.test.db.TestCompoundIndexSearch	PASS
org.h2.test.db.TestCsv	PASS
org.h2.test.db.TestDateStorage	PASS
org.h2.test.db.TestDeadlock	PASS
org.h2.test.db.TestDuplicateKeyUpdate	PASS
org.h2.test.db.TestEncryptedDb	PASS
org.h2.test.db.TestExclusive	PASS
org.h2.test.db.TestFullText	PASS
org.h2.test.db.TestFunctionOverload	PASS
org.h2.test.db.TestFunctions	FAIL
org.h2.test.db.TestIgnoreCatalogs	PASS
org.h2.test.db.TestIndex	HANG
org.h2.test.db.TestIndexHints	PASS
org.h2.test.db.TestIssue_3040	PASS
org.h2.test.db.TestLIRSMemoryConsumption	HANG
org.h2.test.db.TestLargeBlob	FAIL
org.h2.test.db.TestLinkedTable	PASS
org.h2.test.db.TestListener	PASS
org.h2.test.db.TestLob	HANG
org.h2.test.db.TestMaterializedView	PASS
org.h2.test.db.TestMemoryUsage	PASS
org.h2.test.db.TestMergeUsing	PASS
org.h2.test.db.TestMultiConn	PASS
org.h2.test.db.TestMultiDimension	PASS
org.h2.test.db.TestMultiThread	HANG
org.h2.test.db.TestMultiThreadedKernel	PASS
org.h2.test.db.TestOpenClose	HANG
org.h2.test.db.TestOptimizations	HANG
org.h2.test.db.TestOutOfMemory	HANG
org.h2.test.db.TestPowerOff	PASS
org.h2.test.db.TestQueryCache	PASS
org.h2.test.db.TestReadOnly	PASS
org.h2.test.db.TestRecursiveQueries	PASS
org.h2.test.db.TestRights	PASS
org.h2.test.db.TestRunscript	PASS
org.h2.test.db.TestSQLInjection	PASS
org.h2.test.db.TestSelectTableNotFound	PASS
org.h2.test.db.TestSequence	PASS
org.h2.test.db.TestSessionsLocks	PASS
org.h2.test.db.TestSetCollation	PASS
org.h2.test.db.TestSpaceReuse	PASS
org.h2.test.db.TestSpatial	PASS
org.h2.test.db.TestSpeed	PASS
org.h2.test.db.TestSubqueryPerformanceOnLazyExecutionMode	HANG
org.h2.test.db.TestSynonymForTable	PASS
org.h2.test.db.TestTableEngines	PASS
org.h2.test.db.TestTempTables	HANG
org.h2.test.db.TestTransaction	FAIL
org.h2.test.db.TestTriggersConstraints	PASS
org.h2.test.db.TestTwoPhaseCommit	PASS
org.h2.test.db.TestView	PASS
org.h2.test.db.TestViewAlterTable	PASS
org.h2.test.db.TestViewDropView	PASS
org.h2.test.jdbc.TestBatchUpdates	PASS
org.h2.test.jdbc.TestCachedQueryResults	HANG
org.h2.test.jdbc.TestCallableStatement	PASS
org.h2.test.jdbc.TestCancel	HANG
org.h2.test.jdbc.TestConcurrentConnectionUsage	PASS
org.h2.test.jdbc.TestConnection	FAIL
org.h2.test.jdbc.TestDatabaseEventListener	PASS
org.h2.test.jdbc.TestDriver	PASS
org.h2.test.jdbc.TestGetGeneratedKeys	HANG
org.h2.test.jdbc.TestJavaObjectSerializer	PASS
org.h2.test.jdbc.TestLobApi	PASS
org.h2.test.jdbc.TestManyJdbcObjects	PASS
org.h2.test.jdbc.TestMetaData	PASS
org.h2.test.jdbc.TestNativeSQL	PASS
org.h2.test.jdbc.TestPreparedStatement	PASS
org.h2.test.jdbc.TestResultSet	PASS
org.h2.test.jdbc.TestSQLXML	PASS
org.h2.test.jdbc.TestStatement	PASS
org.h2.test.jdbc.TestTransactionIsolation	PASS
org.h2.test.jdbc.TestUpdatableResultSet	PASS
org.h2.test.jdbc.TestUrlJavaObjectSerializer	PASS
org.h2.test.jdbc.TestZloty	PASS
org.h2.test.jdbcx.TestConnectionPool	PASS
org.h2.test.jdbcx.TestDataSource	PASS
org.h2.test.jdbcx.TestXA	PASS
org.h2.test.jdbcx.TestXASimple	PASS
org.h2.test.mvcc.TestMvcc1	PASS
org.h2.test.mvcc.TestMvcc2	PASS
org.h2.test.mvcc.TestMvcc3	PASS
org.h2.test.mvcc.TestMvcc4	PASS
org.h2.test.mvcc.TestMvccMultiThreaded	FAIL
org.h2.test.mvcc.TestMvccMultiThreaded2	PASS
org.h2.test.poweroff.TestRecoverKillLoop	FAIL
org.h2.test.poweroff.TestReorderWrites	HANG
org.h2.test.recover.RecoverLobTest	PASS
org.h2.test.rowlock.TestRowLocks	PASS
org.h2.test.scripts.TestScript	HANG
org.h2.test.server.TestAutoServer	HANG
org.h2.test.server.TestInit	PASS
org.h2.test.server.TestJakartaWeb	PASS
org.h2.test.server.TestNestedLoop	PASS
org.h2.test.server.TestWeb	HANG
org.h2.test.store.TestBenchmark	HANG
org.h2.test.store.TestCacheConcurrentLIRS	PASS
org.h2.test.store.TestCacheLIRS	PASS
org.h2.test.store.TestCacheLongKeyLIRS	HANG
org.h2.test.store.TestDataUtils	HANG
org.h2.test.store.TestFreeSpace	HANG
org.h2.test.store.TestKillProcessWhileWriting	FAIL
org.h2.test.store.TestMVStore	HANG
org.h2.test.store.TestMVStoreBenchmark	HANG
org.h2.test.store.TestMVStoreCachePerformance	HANG
org.h2.test.store.TestMVStoreStopCompact	PASS
org.h2.test.store.TestMVStoreTool	HANG
org.h2.test.store.TestMVTableEngine	PASS
org.h2.test.store.TestObjectDataType	PASS
org.h2.test.store.TestRandomMapOps	HANG
org.h2.test.store.TestShardedMap	PASS
org.h2.test.store.TestSpinLock	PASS
org.h2.test.store.TestStreamStore	PASS
org.h2.test.store.TestTransactionStore	PASS
org.h2.test.synth.TestBtreeIndex	HANG
org.h2.test.synth.TestConcurrentUpdate	HANG
org.h2.test.synth.TestCrashAPI	HANG
org.h2.test.synth.TestDiskFull	PASS
org.h2.test.synth.TestFuzzOptimizations	HANG
org.h2.test.synth.TestJoin	FAIL
org.h2.test.synth.TestKill	HANG
org.h2.test.synth.TestKillRestart	HANG
org.h2.test.synth.TestKillRestartMulti	HANG
org.h2.test.synth.TestLimit	HANG
org.h2.test.synth.TestMultiThreaded	HANG
org.h2.test.synth.TestNestedJoins	HANG
org.h2.test.synth.TestOuterJoins	PASS
org.h2.test.synth.TestPowerOffFs	HANG
org.h2.test.synth.TestPowerOffFs2	HANG
org.h2.test.synth.TestRandomCompare	HANG
org.h2.test.synth.TestRandomSQL	PASS
org.h2.test.synth.TestReleaseSelectLock	HANG
org.h2.test.synth.TestSimpleIndex	HANG
org.h2.test.synth.TestThreads	HANG
org.h2.test.synth.TestTimer	FAIL
org.h2.test.synth.sql.TestSynth	FAIL
org.h2.test.synth.thread.TestMulti	FAIL
org.h2.test.unit.TestAnsCompression	PASS
org.h2.test.unit.TestAutoReconnect	HANG
org.h2.test.unit.TestBinaryArithmeticStream	PASS
org.h2.test.unit.TestBinaryOperation	PASS
org.h2.test.unit.TestBitStream	HANG
org.h2.test.unit.TestBnf	HANG
org.h2.test.unit.TestCache	HANG
org.h2.test.unit.TestCharsetCollator	PASS
org.h2.test.unit.TestClassLoaderLeak	FAIL
org.h2.test.unit.TestCollation	PASS
org.h2.test.unit.TestCompress	HANG
org.h2.test.unit.TestConcurrentJdbc	PASS
org.h2.test.unit.TestConnectionInfo	PASS
org.h2.test.unit.TestDate	HANG
org.h2.test.unit.TestDateIso8601	PASS
org.h2.test.unit.TestDateTimeTemplate	PASS
org.h2.test.unit.TestDateTimeUtils	HANG
org.h2.test.unit.TestDbException	PASS
org.h2.test.unit.TestExit	HANG
org.h2.test.unit.TestFile	HANG
org.h2.test.unit.TestFileLock	FAIL
org.h2.test.unit.TestFileLockProcess	HANG
org.h2.test.unit.TestFileSystem	HANG
org.h2.test.unit.TestFtp	PASS
org.h2.test.unit.TestGeometryUtils	HANG
org.h2.test.unit.TestIntArray	PASS
org.h2.test.unit.TestIntPerfectHash	PASS
org.h2.test.unit.TestInterval	PASS
org.h2.test.unit.TestJakartaServlet	HANG
org.h2.test.unit.TestJmx	PASS
org.h2.test.unit.TestJsonUtils	HANG
org.h2.test.unit.TestKeywords	HANG
org.h2.test.unit.TestLocale	PASS
org.h2.test.unit.TestMVTempResult	PASS
org.h2.test.unit.TestMathUtils	PASS
org.h2.test.unit.TestMemoryEstimator	PASS
org.h2.test.unit.TestMemoryUnmapper	HANG
org.h2.test.unit.TestMode	PASS
org.h2.test.unit.TestMultiThreadedKernel	PASS
org.h2.test.unit.TestNetUtils	PASS
org.h2.test.unit.TestObjectDeserialization	PASS
org.h2.test.unit.TestOverflow	PASS
org.h2.test.unit.TestPageStoreCoverage	PASS
org.h2.test.unit.TestPattern	PASS
org.h2.test.unit.TestPerfectHash	HANG
org.h2.test.unit.TestPgServer	FAIL
org.h2.test.unit.TestRecovery	PASS
org.h2.test.unit.TestReopen	PASS
org.h2.test.unit.TestSampleApps	HANG
org.h2.test.unit.TestScriptReader	PASS
org.h2.test.unit.TestSecurity	PASS
org.h2.test.unit.TestServlet	PASS
org.h2.test.unit.TestShell	HANG
org.h2.test.unit.TestSort	PASS
org.h2.test.unit.TestStreams	PASS
org.h2.test.unit.TestStringCache	HANG
org.h2.test.unit.TestStringUtils	PASS
org.h2.test.unit.TestTimeStampWithTimeZone	FAIL
org.h2.test.unit.TestTools	HANG
org.h2.test.unit.TestTraceSystem	PASS
org.h2.test.unit.TestUpgrade	PASS
org.h2.test.unit.TestUtils	PASS
org.h2.test.unit.TestValue	PASS
org.h2.test.unit.TestValueMemory	PASS
